:020000041001E9
:1000000000000108510F0210F11602105D140210D9
:1000100000000000000000000000000000000000E0
:100020000000000000000000000000007914021031
:100030000000000000000000F5160210F916021082
:100040005D08021081080210A5080210C9080210FC
:10005000ED080210110902103509021059090210A9
:10006000FD160210011702100517021009170210E1
:100070000D17021011170210151702101917021090
:10008000F8B5AB48017801290CD00178022909D0D4
:100090000078032806D0C6210022AB4C200002F0D5
:1000A000EDFF27E0A84D6878FB210140697002212F
:1000B000002422006E1D300002F0E0FF0126310016
:1000C0002200EF1D380002F0D9FF310022002F007E
:1000D0000A37380002F0D2FF310022002F00083723
:1000E000380002F0CBFF310022002C000934200040
:1000F00002F0C4FFA549A74FA84D934C2720E070FC
:100100000026300020712000173002F0E1FF2900A6
:100110002000303002F0DCFF39002000493002F0CE
:10012000D7FF19273900FF252A00200062300090F0
:10013000009802F0A3FF009839002A0027007B37BF
:10014000380002F09BFF32212A009434200002F094
:1001500095FF8025290032009E4C2700380002F0D0
:100160008DFF802322008021A04803F045F829005C
:1001700032002700380002F081FF80232200802116
:10018000A04803F039F8290032002700380002F0B7
:1001900075FF8023220080219B4803F02DF8290061
:1001A00032002700380002F069FF802322008021FE
:1001B0009B4803F021F8290032002700380002F0A4
:1001C0005DFF8023220080219B4803F015F8290061
:1001D00032002500280002F051FF802322008021F8
:1001E0009B4803F009F8F1BD38B50C00E4B2082CC7
:1001F00002D30020C04321E004781D00EDB2012DA0
:1002000005D10278DBB28B40134303700AE0DBB206
:10021000002B07D1D2B2012A04D1027801238B40EE
:100220009A4302700078844207D001220021002006
:1002300000F07AFA012092490870002032BD10B512
:100240000C00E4B2042C02D30020C04315E01C00D3
:10025000E4B2012C05D10278DBB28B40134303706A
:100260000AE0DBB2002B07D1D2B2012A04D1027816
:1002700001238B409A430270002010BD00B501009D
:10028000C9B2632901D07F4908707E48007800BD5B
:1002900000B50100C9B2632901D09B4908709A4892
:1002A000007800BD00B50100C9B2632901D09D49A5
:1002B00008709C48007800BD00B50100C9B26329F0
:1002C00001D0994908709848007800BD00B5010038
:1002D000C9B2632901D09A4908709948007800BDD5
:1002E00000B50100C9B2632901D09B4908709A4842
:1002F000007800BD00B50100C9B2632901D09C4956
:1003000008709B48007800BD00B50100C9B26329A0
:1003100001D09D4908709C48007800BD00B50100DF
:10032000C9B2632901D0994908709848007800BD86
:10033000B33C000800B50100C9B2632901D09A4955
:1003400008709948007800BD4435000800B50100E8
:10035000C9B2632901D09A4908709948007800BD54
:1003600000B50100C9B2632901D0964908709548CB
:10037000007800BD00B50100C9B2632901D09249DF
:1003800008709148007800BD904870470815021029
:100390008F487047181502108E48704728150210B4
:1003A0008D4870478D4870478D48704700B50100F3
:1003B000C9B2632901D08B4908708A48007800BD12
:1003C00000B50100C9B2632901D087490870864889
:1003D000007800BDA437000800B50100C9B2632948
:1003E00001D0824908708148007800BD00C0001427
:1003F00000B50100C9B2632901D07D4908707C486D
:10040000007800BD80C0001400C1001400B50100D8
:10041000C9B2632901D0774908707648007800BDD9
:1004200080C1001400B50100C9B2632901D072492E
:1004300008707148007800BD80C4001400B5010048
:10044000C9B2632901D06D4908706C48007800BDBD
:1004500000C2001400B50100C9B2632901D0684987
:1004600008706748007800BD00B50100C9B20C29CA
:1004700001D0AA490870A948007800BDA848704773
:10048000B13C0008BE3C000800B5C0B2282830D0FE
:10049000412822D06C281AD06F2812D071280AD097
:1004A000732802D093281ED029E09E4801780122AB
:1004B0000A43027023E09B48017802220A4302703B
:1004C0001DE09848017804220A43027017E095481D
:1004D000017808220A43027011E092480178102244
:1004E0000A4302700BE08F48017820220A43027011
:1004F00005E08C48017840220A430270FFE700BD06
:10050000A948007870470000C03C00080100A74AD5
:100510000800C0B2105C03005B1CC9B25354C0B2E7
:1005200070470000C23C0008C43C000800B5010050
:10053000C9B2632901D0A7490870A648007800BD58
:10054000C63C0008764800780100C9B24909080095
:10055000C007C00F70470000C83C000800B501008C
:10056000C9B2632901D09F4908709E48007800BD38
:10057000BF3C000800B50100C9B2632901D09E4903
:1005800008709D48007800BDC13C0008C33C0008CD
:1005900000B50100994A89B2914201D0984908807A
:1005A0009748008800BD0000C53C000800B5010068
:1005B000C9B2632901D0934908709248007800BD00
:1005C000C73C0008C93C0008B93C0008803A000854
:1005D0009C3A0008B83A0008D83B0008D43A000812
:1005E000F03A0008BD3C0008B83C0008BB3C0008DD
:1005F000B73C0008B43C0008B53C0008B63C000815
:10060000BA3C0008FEB5002633003300444B1C0002
:100610005B1C0193C9B2002920D0012920D00229F6
:1006200020D0032920D0042920D0052920D0062954
:1006300020D0072920D0082920D0092921D00A2933
:1006400022D00B2923D00C2924D00D2925D00E2906
:1006500026D00F2927D0632928D029E0310028E0AF
:10066000012126E0022124E0032122E0042120E0F0
:1006700005211EE006211CE007211AE01C003100C4
:1006800017E01C00012114E01C00022111E01C00F5
:1006900003210EE01C0004210BE01C00052108E0F2
:1006A0001C00062105E01C00072102E0632100E098
:1006B00031006B46187017000800C0B2632823D1C0
:1006C00035000BE03B00DBB2684602784E4829005B
:1006D000C9B2415C2000FFF787FD6D1C2800C0B245
:1006E0000728EFD334002000C0B2042814D23B0006
:1006F000DBB26846027845482100C9B2415C0198E6
:10070000FFF772FD641CEEE73B00DBB2684602783F
:10071000C9B22000FFF768FDF7BD0000B33C000838
:1007200044350008B03C0008F8B500242300384DDB
:10073000C9B2002908D0012908D0022908D003290C
:1007400008D0632908D009E0210008E0012106E073
:10075000022104E0032102E0042100E0042107005B
:1007600016000800C0B204280ED12000C0B2042830
:1007700012D23300DBB23A00D2B22100C9B2280053
:10078000FFF75DFD641CF0E73300DBB23A00D2B244
:10079000C9B22800FFF753FDF1BD1E49088070471C
:1007A0001D49088070470000B02B00085C3B000822
:1007B0001A4B1870080080B2000A98705970DA70ED
:1007C0007047164B1871080080B2000A9871597171
:1007D000DA717047B13C000811490880704711492F
:1007E00008807047BC3C000881B00F48007800903A
:1007F000009801B070470000CA3C00080F270000B5
:100800006A3C0008CF3C000830160210EC160210BB
:100810004E350008643C0008623C0008983B000824
:10082000663C0008683C0008AF3C000800B50100C9
:100830000020C9B2002950D0012950D0022950D03F
:10084000032950D0042950D0052950D0302950D048
:10085000312950D0322950D0332950D0342950D0AA
:10086000352950D0A32950D0B12956D0B22950D023
:10087000B32950D0B42952D0B62952D0B82952D079
:10088000B92952D0BB2952D0BC2958D0BD2958D043
:10089000BE296CD0C02956D0C12956D0C22956D005
:1008A000C32956D0C42956D0C52956D0C62956D0FA
:1008B000C72956D0C82956D0C92956D0D32958D0CF
:1008C000D42958D0D72936D0DF2936D0E4291ED0F4
:1008D000F0292ED0F42950D051E003204FE002201F
:1008E0004DE002204BE0012049E0012047E00120DB
:1008F00045E0012043E0192041E019203FE01920A4
:100900003DE019203BE0192039E0322037E0042097
:1009100035E0082033E0042031E001202FE0012001
:100920002DE010202BE0042029E0012027E0042006
:1009300025E0032023E0012021E00B201FE002201E
:100940001DE001201BE0012019E01A2017E0012022
:1009500015E01A2013E0012011E01A200FE0012019
:100960000DE003200BE0012009E01A2007E0012040
:1009700005E0012003E0012001E00420FFE7C0B210
:1009800000BD0000F8B50C002070C0B200287BD07C
:10099000012800D18BE0022800D18FE0032800D18C
:1009A00097E0042800D19FE0052800D1A7E0302877
:1009B00000D1AFE0312800D1BAE0322800D1BEE04A
:1009C000332800D1C2E0342800D1C6E0352800D158
:1009D000CAE0A32800D1CEE0B02800D1D8E0B128E9
:1009E00000D1F8E0B22800D1DDE0B32800D1E1E089
:1009F000B42800D11DE1B62800D121E1B82800D1EA
:100A000025E1B92800D1F1E0BB2800D12EE1BC28B6
:100A100000D134E1BD2800D1CEE1BE2800D1D2E121
:100A2000C02800D135E1C12800D148E1C22800D159
:100A30004CE1C32800D15FE1C42800D163E1C5289F
:100A400000D176E1C62800D17AE1C72800D18DE136
:100A5000C82800D191E1C92800D1A4E1D32800D150
:100A6000B8E1D42800D1C5E1D72800D1D4E0DF28EF
:100A700000D1D4E0E42800D184E0F02800D1BCE02B
:100A8000F42800D1BDE1CEE10322CA49651C28004B
:100A900002F0EAFBA078A070002200210120FFF7FD
:100AA00043FE002263210120FFF7ACFDBBE10222DF
:100AB000CC49641C200002F0D7FBB4E10222CA49F1
:100AC000651C280002F0D0FBA0788007800FA07082
:100AD000A9E10122C549651C280002F0C5FB607828
:100AE0008007800F60709EE101252A00C049661CC6
:100AF000300002F0B9FB60780540657093E1012594
:100B00002A00C949661C300002F0AEFB607805403F
:100B1000657088E10122C549651C280002F0A4FB2C
:100B200060780007000F60700020C14908707AE10A
:100B30001922C049641C200002F096FB73E11922BF
:100B4000BD49641C200002F08FFB6CE11922BB49F7
:100B5000641C200002F088FB65E11922B849641C7E
:100B6000200002F081FB5EE11922B649641C2000DE
:100B700002F07AFB57E12922B349641C200002F0FD
:100B800073FB50E10422B149200002F06DFB4AE101
:100B900003228849651C280002F066FBA0784121E9
:100BA0000140A1703FE10822A949641C200002F025
:100BB0005BFB38E1A749088800280BD002252A00F2
:100BC000661C300002F050FB2A00A349E41C200000
:100BD00002F04AFB27E101252A00A049661C3000EB
:100BE00002F042FB6078054065701CE101229C49DF
:100BF000641C200002F038FB15E1042100222500CE
:100C0000280002F03BFA97490878002803D0032215
:100C1000200002F029FB06E10020207003E1924948
:100C20000878002804D00A22641C200002F01CFB73
:100C3000F9E001228D49641C200002F015FBF2E06E
:100C400010228B49641C200002F00EFBEBE0894867
:100C500001886170008880B2000AA070864801880F
:100C6000E170008880B2000A2071DCE083490878D6
:100C7000002803D00422200002F0F6FAD3E08048D6
:100C800001886170008880B2000A8007800FA07020
:100C9000C9E00122474D2E000D363100671C380097
:100CA00002F0E2FA687BFD2101403170687BFB2194
:100CB0000140317060784007400F6070B3E01A2245
:100CC0007049641C200002F0CFFAACE00122394DDB
:100CD0002E000E363100671C380002F0C5FAA87BE2
:100CE000FD2101403170A87BFB210140317060780B
:100CF0004007400F607096E01A226349641C200090
:100D000002F0B2FA8FE001222A4D2E000F36310098
:100D1000671C380002F0A8FAE87BFD210140317021
:100D2000E87BFB210140317060784007400F607024
:100D300079E01A225549641C200002F095FA72E00D
:100D400001221C4D2E0010363100671C380002F0C5
:100D50008BFA287CFD2101403170287CFB21014069
:100D6000317060784007400F60705CE003224849B2
:100D7000641C200002F078FA55E001220D4D2E008F
:100D800011363100671C380002F06EFA687CFD21D4
:100D900001403170687CFB21014031706078400770
:100DA000400F60703FE01A223A49641C200002F0B4
:100DB0005BFA38E04435000801223749641C200002
:100DC00002F052FA2FE001223449641C200002F0A4
:100DD0004BFA28E001223249641C200002F044FA58
:100DE00021E000BF47350008493500084B350008B1
:100DF0004C35000801222B49641C200002F034FA13
:100E000011E00422284D29001331200002F02CFAB1
:100E1000687D432806D12549072002F037FB0120D1
:100E2000FFF7CEFAFFE7F1BD4D3500084E3500085B
:100E3000B13C00085B350008743500088D350008AA
:100E4000A6350008BF3500081839000857350008D6
:100E5000983B0008643C0008623C000850350008DC
:100E6000AF2B0008A4230008A8230008B03C00080A
:100E70004C3B0008663C0008683C0008AE3C00089B
:100E80006A3C0008803A00089C3A0008B83A00081A
:100E9000D83B0008D43A0008AF3C0008D33C000817
:100EA000D13C0008D23C000844350008E41402108C
:100EB00070B50C00C0B202283DD003284DD00428E4
:100EC0005DD005286DD0A3287DD0B02800D1CCE01E
:100ED000B12800D1D8E0B52800D1F0E0B72800D182
:100EE000EEE0BA2800D1F2E0BB2800D1F3E0BD2843
:100EF00000D1C1E1C02800D1FAE0C12800D10CE145
:100F0000C22800D11AE1C32800D12CE1C42800D1A5
:100F10003AE1C52800D14CE1C62800D15AE1C728E2
:100F200000D16CE1C82800D180E1C92800D192E14C
:100F3000E4285BD0B0E1032A0ED1A0788007800FAF
:100F4000A070002C08D00222611CB54C200002F0D9
:100F50008BF90120FFF766FA9EE1022A0ED1607834
:100F60008007800F6070002C08D00122611CAD4CFE
:100F7000200002F079F90120FFF760FA8CE1022AE3
:100F80000ED1002C0CD0012260781100014061705C
:100F9000611CA54C200002F067F90120FFF736FA2A
:100FA0007AE1022A0ED101226078110001406170BD
:100FB000002C07D0611CB94C200002F055F901202B
:100FC000FFF716FA68E1332A0FD160780100C907EC
:100FD000C90F6170002C08D03222611CB04C200077
:100FE00002F042F90120FFF735FA55E1042A3BD11E
:100FF000002C39D0A078032836D1002630003100EB
:1010000004E00A00D2B2A25C8018491C0A00D2B2E5
:10101000032AF6DB401CA34DF421E9740321297552
:10102000E178C0B288420CD102F0D3FB602808DB23
:10103000432068759C489D49088001209C490870A0
:1010400004E07F206875012099490870300005E0B0
:101050003100C9B26918C97C4018761C3100C9B288
:101060000329F5DB401CA87516E1022A0BD1607834
:10107000412101406170002C05D00122611C8D4C82
:10108000200002F0F1F807E1022A17D1012560786B
:10109000290001406170002C05D02A00611C864C9B
:1010A000200002F0E1F87F48007B2900084202D0CE
:1010B0008248057002E0002080490870ECE0EBE017
:1010C000102100227E4C200001F0D8FFE4E060787F
:1010D0007C490870E0E0022A09D16078BB2803D17E
:1010E00000207949087002E0012077490870D3E0B8
:1010F000022A11D1A0788006800EA070002C0BD09F
:101100000120617802000A4066494B7BFE241C40A6
:1011100022434A736D490870BEE01B2A0DD1002C92
:101120000BD01A22611C6A4C200002F09DF80120AD
:101130000100684A117065490870ADE0022A11D1BA
:10114000A0788006800EA070002C0BD00120617862
:1011500002000A4053498B7BFE241C4022438A73C1
:101160005D49087098E01B2A0DD1002C0BD01A2283
:10117000611C5A4C200002F077F801200100584A07
:1011800011705549087087E0022A11D1A0788006B5
:10119000800EA070002C0BD00120617802000A4064
:1011A0004049CB7BFE241C402243CA734D49087042
:1011B00072E01B2A0DD1002C0BD01A22611C4A4C64
:1011C000200002F051F801200100484A1170454901
:1011D000087061E0022A11D1A0788006800EA0700C
:1011E000002C0BD00120617802000A402D490B7CB5
:1011F000FE241C4022430A743D4908704CE0042A36
:101200000DD1002C0BD00322611C3A4C200002F0BF
:101210002BF801200100384A1170354908703BE075
:10122000493500084B3500084C350008022A11D119
:10123000A0788006800EA070002C0BD00120617871
:1012400002000A4017494B7CFE241C4022434A748A
:101250009349087020E01B2A0DD1002C0BD01A22D4
:10126000611C904C200001F0FFFF012001008E4A1C
:1012700011708B4908700FE0002C0CD00120FFF793
:1012800079F860788007800F60700122611C874CBC
:10129000200001F0E9FFFFE770BD00BF4D350008F9
:1012A000D835000844350008AA550000001500088C
:1012B000B23C00084F35000850350008BB3C000820
:1012C0005C3B0008B02B0008AE3C0008BE3C0008A8
:1012D000803A0008BF3C0008C03C00089C3A000867
:1012E000C13C0008C23C0008B83A0008C33C0008F2
:1012F000C43C0008D83B0008C53C000810B50300FA
:1013000000242000032A02D269490B7809E0032A4D
:1013100007D1684A1278C9B2914202D164490B7868
:10132000FFE7DBB2002B5AD0012B5AD0022B5AD048
:10133000032B5AD0042B5AD0052B5AD0092B5AD044
:10134000302B5AD0312B5AD0322B5AD0332B5AD083
:10135000342B5AD0352B5AD0A32B5AD0B12B5ED078
:10136000B22B58D0B32B58D0B42B5AD0B62B5AD05E
:10137000B82B5AD0B92B5AD0BB2B5AD0BC2B60D02B
:10138000BD2B60D0BE2B7AD0BF2B7AD0C02B5CD0C7
:10139000C12B5CD0C22B5CD0C32B5CD0C42B5CD0E7
:1013A000C52B5CD0C62B5CD0C72B5CD0C82B5CD0C7
:1013B000C92B5CD0CA2B5CD0CB2B5CD0D02B66D099
:1013C000D22B67D0D32B5ED0D42B5ED0D52B54D06C
:1013D000D72B32D0DF2B32D0F02B2CD05DE0032086
:1013E0005BE0022059E0022057E0012055E0012097
:1013F00053E0012051E002204FE001204DE0192090
:101400004BE0192049E0192047E0192045E0192058
:1014100043E0292041E008203FE004203DE0012096
:101420003BE0012039E0102037E0042035E00120C6
:1014300033E0012031E003202FE001202DE00B20DC
:101440002BE0022029E0012027E0012025E01A20DE
:1014500023E0012021E01A201FE001201DE01A20D6
:101460001BE0012019E0032017E0012015E01A20FD
:1014700013E0012011E01A200FE001200DE001200F
:101480000BE0012009E0012007E0012005E00A4807
:10149000007802E009480078FFE7C0B210BD000004
:1014A000C63C0008D43A0008C73C0008AF3C00081E
:1014B000CD3C0008CC3C00083AA401103BA401102C
:1014C000F7B584B01C0000276846007C20702020FF
:1014D000019000200090C34E3500009A0199280029
:1014E00001F0CCFD6846007C3070751C6846007DBC
:1014F00028700C98032821D2BB4807780078207008
:101500000C98022803D16846007DB8490870B84895
:101510000178FF2902D10021017002E00178491C05
:10152000017020200290002001900096019A0299FB
:10153000009801F0A3FD0098377078E00C9803281C
:1015400075D16846077E0221300002F069F9FFB2CA
:10155000B8424ED120200190002000903700009A20
:101560000199380001F08AFDA0486946097D02789A
:10157000914211D19C490F78097821706946097D03
:1015800001709B480178FF2902D1002101702EE0F3
:101590000178491C01702AE001786A46127D914267
:1015A00016D269460F7C6946097C8F4A11706946DC
:1015B000097D01708E480178FF2902D10021017058
:1015C00002E00178491C017001208A4908700EE090
:1015D00069460F7C6946097C834A11706946097D1A
:1015E000017000208249087001208249087037701C
:1015F0001DE07D480778007820706846007D7B49B3
:1016000008707B480178FF2902D10021017002E0B7
:101610000178491C01702020029000200190009662
:10162000019A0299009801F029FD009837707148DD
:101630000078012801D000F079FDFFB2002F00D121
:1016400099E0012F00D1B7E0022F00D1D4E0032FA1
:1016500000D1EAE0042F00D100E1052F00D118E10C
:10166000092F00D130E1302F00D145E1312F00D1D9
:101670005EE1322F00D16FE1332F00D180E1342FB2
:1016800000D191E1352F00D1A2E1A32F00D1B3E128
:10169000B02F00D1DAE1B12F00D145E2B22F00D155
:1016A000ECE1B32F00D11FE2B42F00D1D0E2B52F6F
:1016B00000D153E2B62F00D1DEE2B82F00D1EFE225
:1016C000B92F00D15EE2BB2F00D105E3BC2F00D1C2
:1016D00019E3BD2F01D100F0A9FCBE2F01D100F00C
:1016E000B9FCBF2F00D19DE1C02F00D122E3C12F53
:1016F00000D145E3C22F00D176E3C32F00D199E397
:10170000C42F00D1AAE3C52F00D1CDE3C62F00D14D
:10171000DEE3C72F01D100F001FCC82F01D100F09A
:1017200011FCC92F01D100F033FCCA2F01D100F008
:1017300043FCCB2F01D100F065FCD12F01D100F08B
:10174000DDFCD32F01D100F099FCD42F01D100F0A2
:10175000A9FCD52F01D100F0B9FCD72F00D13CE274
:10176000D82F00D160E2DF2F00D146E2F02F00D168
:101770001CE200F0CEFC0322CA49671C380001F0CD
:1017800073FDA078A0701A48007820710422611CB3
:10179000280001F069FD0521300002F041F8607178
:1017A000002200210120FEF7BFFF0022632101205B
:1017B000FEF728FF00F0BAFC0222BB49671C380084
:1017C00001F052FD0A480078E0700322611C2800F5
:1017D00001F04AFD0421300002F022F8207100F0EF
:1017E000A5FC00BF403A0008CD3C0008CC3C0008F6
:1017F000CB3C0008CE3C00080222AC49671C3800F4
:1018000001F032FD0322A07811000140A170A84828
:101810000078E070611C280001F026FD04213000F2
:1018200001F0FEFF207100F081FC0122A149671C3C
:10183000380001F019FD60788007800F60709C48C7
:101840000078A0700222611C280001F00DFD032128
:10185000300001F0E5FFE07000F068FC01273A007D
:101860009549601C0090009801F0FEFC009860789B
:10187000074067708E480078A0700222611C280023
:1018800001F0F2FC0321300001F0CAFFE07000F02B
:101890004DFC01273A008949601C0090009801F036
:1018A000E3FC009860780740677081480078A0707A
:1018B0000222611C280001F0D7FC0321300001F056
:1018C000AFFFE07000F032FC7D48018861700322B8
:1018D000008880B2000A11000140A17074480078AD
:1018E000E070611C280001F0BFFC0421300001F011
:1018F00097FF207100F01AFC01227249671C380022
:1019000001F0B2FC60780007000F607000206E49A3
:10191000087067480078A0700222611C280001F05E
:10192000A3FC0321300001F07BFFE07000F0FEFB20
:1019300019226649671C380001F096FC5C48007863
:10194000A0761A22611C280001F08EFC1B213000B9
:1019500001F066FFE076E9E319225D49671C380073
:1019600001F082FC52480078A0761A22611C2800FF
:1019700001F07AFC1B21300001F052FFE076D5E344
:1019800019225449671C380001F06EFC4848007861
:10199000A0761A22611C280001F066FC1B21300091
:1019A00001F03EFFE076C1E319224B49671C380085
:1019B00001F05AFC3E480078A0761A22611C2800EB
:1019C00001F052FC1B21300001F02AFFE076ADE36C
:1019D00019224249671C380001F046FC344800785F
:1019E000A0761A22611C280001F03EFC1B21300069
:1019F00001F016FFE07699E329223949671C380087
:101A000001F032FC2A4800782A2160542A22611C05
:101A1000280001F029FC2B21300001F001FF2B21CF
:101A2000605483E32F4800880A2101F02DFF607085
:101A30001F480078A0700222611C280001F014FCED
:101A40000321300001F0ECFEE0706FE30322154942
:101A5000671C380001F008FCA07841210140A1700A
:101A60001348007820710422611C280001F0FCFB5F
:101A70000521300001F0D4FE607157E30822CA4905
:101A8000671C380001F0F0FB0948007860720922F9
:101A9000611C280001F0E8FB0A21300001F0C0FEC3
:101AA000A07243E344350008473500084935000873
:101AB000CB3C00084B3500084C3500084D3500087C
:101AC0006A3C00084E350008B13C00085B35000850
:101AD000743500088D350008A6350008BF350008AC
:101AE00018390008603C0008B049088800281AD05E
:101AF00002273A00601C0090009801F0B5FB0098A6
:101B00003A00AB49E71C380001F0AEFBA948007869
:101B100060710522611C280001F0A6FB062130003F
:101B200001F07EFEA07101E301273A00A249601C8A
:101B30000090009801F098FB00986078074067706B
:101B40009C480078A0700222611C280001F08CFBE8
:101B50000321300001F064FEE070E7E201229749C2
:101B6000671C380001F080FB92480078A0700222C8
:101B7000611C280001F078FB0321300001F050FEC9
:101B8000E070D3E201228E49671C380001F06CFB43
:101B900088480078A0700222611C280001F064FBD4
:101BA0000321300001F03CFEE070BFE28549087877
:101BB000002811D00322671C380001F055FB7D4836
:101BC000007820710422611C280001F04DFB0521E2
:101BD000300001F025FE6071A8E2002060707548B9
:101BE0000078A0700222611C280001F03DFB032157
:101BF000300001F015FEE07098E273490878002883
:101C000011D00A22671C380001F02EFB69480078C9
:101C1000E0720B22611C280001F026FB0C21300031
:101C200001F0FEFD207381E201226849671C380043
:101C300001F01AFB5F480078A0700222611C2800A6
:101C400001F012FB0321300001F0EAFDE0706DE2CB
:101C500001225F49671C380001F006FB55480078F7
:101C6000A0700222611C280001F0FEFA032130005E
:101C700001F0D6FDE07059E210225649671C380089
:101C800001F0F2FA4B48007860741122611C2800C0
:101C900001F0EAFA1221300001F0C2FDA07445E221
:101CA0004D4801886170008880B2000AA0704B48DE
:101CB0000188E170008880B2000A20713D480078F8
:101CC00060710522611C280001F0CEFA0621300067
:101CD00001F0A6FDA07129E241490878002811D041
:101CE0000122671C380001F0BFFA32480078A0706A
:101CF0000222611C280001F0B7FA0321300001F034
:101D00008FFDE07012E2374801886170032200887D
:101D100080B2000A11000140A17026480078E070EE
:101D2000611C280001F0A0FA0421300001F078FDC8
:101D30002071FBE10122E74F38000D300190601C5B
:101D400000900199009801F08FFA0098787BFD21AE
:101D500001407973787BFB210140797360784007FB
:101D6000400F607013480078A0700222611C2800A8
:101D700001F07AFA0321300001F052FDE070D5E164
:101D80001A22EB49671C380001F06EFA0948007806
:101D9000E0761B22611C280001F066FA1C2130004D
:101DA00001F03EFD2077C1E1983B0008643C00084B
:101DB000623C0008CB3C000850350008D53C0008C8
:101DC000AF2B0008A4230008A8230008D63C000875
:101DD000B03C00084C3B0008663C0008683C00082A
:101DE000AE3C00086A3C00080122BA4F38000E30B1
:101DF0000190601C00900199009801F035FA00985C
:101E0000B87BFD210140B973B87BFB210140B97358
:101E100060784007400F6070C6480078A0700222CA
:101E2000611C280001F020FA0321300001F0F8FCC9
:101E3000E0707BE11A22C049671C380001F014FAF7
:101E4000BC480078E0761B22611C280001F00CFAE7
:101E50001C21300001F0E4FC207767E101229D4F56
:101E600038000F300190601C00900199009801F03B
:101E7000FBF90098F87BFD210140F973F87BFB2109
:101E80000140F97360784007400F6070A9480078FE
:101E9000A0700222611C280001F0E6F90321300045
:101EA00001F0BEFCE07041E11A22A449671C380031
:101EB00001F0DAF99F480078E0761B22611C2800C7
:101EC00001F0D2F91C21300001F0AAFC20772DE1AD
:101ED0000122804F380010300190601C0090019961
:101EE000009801F0C1F90098387CFD210140397457
:101EF000387CFB210140397460784007400F6070E6
:101F00008C480078A0700222611C280001F0ACF916
:101F10000321300001F084FCE07007E103228849CE
:101F2000671C380001F0A0F9824800782071042273
:101F3000611C280001F098F90521300001F070FCC7
:101F40006071F3E00122634F380011300190601C92
:101F500000900199009801F087F90098787CFD21A4
:101F600001407974787CFB210140797460784007E6
:101F7000400F60706F480078A0700222611C28003A
:101F800001F072F90321300001F04AFCE070CDE06D
:101F90001A226C49671C380001F066F96548007820
:101FA000E0761B22611C280001F05EF91C21300044
:101FB00001F036FC2077B9E00122464F380012309C
:101FC0000190601C00900199009801F04DF9009873
:101FD000B87CFD210140B974B87CFB210140B97483
:101FE00060784007400F607052480078A07002226D
:101FF000611C280001F038F90321300001F010FCC9
:10200000E07093E01A225049671C380001F02CF967
:1020100048480078E0761B22611C280001F024F972
:102020001C21300001F0FCFB20777FE001224749B2
:10203000671C380001F018F93E480078A0700222B1
:10204000611C280001F010F90321300001F0E8FBC9
:10205000E0706BE001223E49671C380001F004F992
:1020600034480078A0700222611C280001F0FCF8BE
:102070000321300001F0D4FBE07057E00122354924
:10208000671C380001F0F0F82A480078A07002229E
:10209000611C280001F0E8F80321300001F0C0FBCA
:1020A000E07043E001222C49671C380001F0DCF8A5
:1020B00020480078A0700222611C280001F0D4F8AA
:1020C0000321300001F0ACFBE0702FE00122234936
:1020D00002E000BF44350008671C380001F0C4F876
:1020E00014480078A0700222611C280001F0BCF89E
:1020F0000321300001F094FBE07017E001F044FC94
:1021000017490A78521C641C0100200001F0ACF849
:102110000CE00848007860700122611C280001F082
:10212000A3F80221300001F07BFBA07007B0F0BDE6
:10213000803A0008CB3C00089C3A0008B83A0008F6
:10214000D83B0008D43A0008F03A0008AF3C000839
:10215000D33C0008D13C0008D23C0008D43C000825
:102160004EA40110FEB505000C0016000020202131
:1021700000200190B84F0097019A009800F07EFF70
:1021800000983D702800C0B202285ED0032800D11C
:102190009EE0042800D1DCE0052800D11AE1A32844
:1021A00000D15FE1B02800D19DE1B12800D1D8E194
:1021B000B52800D12EE2B72800D12DE2BA2800D1EF
:1021C00068E2BB2800D1A0E2BD2801D100F09FFE4B
:1021D000BF2800D1DEE2C02800D15AE3C12800D1D7
:1021E000A8E3C22800D1E4E3C32801D100F024FC15
:1021F000C42801D100F05FFCC52801D100F0B0FC7B
:10220000C62801D100F0EBFCC72801D100F02AFD5F
:10221000C82801D100F065FDC92801D100F0B6FD44
:10222000CA2801D100F0F1FDCB2801D100F030FE29
:10223000D02801D100F0AEFED22801D100F0B7FEC7
:10224000DC2800D1E0E200F0C0FE052E3ED1002CDB
:102250003CD0A019801E0078694608707F4800783D
:1022600069460978884205D3684600787B49097831
:10227000884227D203200290611C781C0190029AA8
:10228000019800F0F1FF01983100491EC9B23800F1
:1022900001F0C6FAA119491E0978C0B2884211D1CD
:1022A000A0788007800FA0700222611C6C4C200077
:1022B00000F0DAFF0120FEF7B5F8D34805700120E1
:1022C000D2490870684600786449087000F07DFEC5
:1022D000042E3CD1002C3AD0A019801E007869460B
:1022E00008705E48007869460978884205D36846D8
:1022F00000785A490978884225D20222611C781C4C
:102300000190019800F0B0FF01983100491EC9B258
:10231000380001F085FAA119491E0978C0B2884237
:1023200011D160788007800F607001263200611C37
:10233000B74C200000F098FF0120FEF77FF8B2486C
:102340000570B2480670684600784449087000F08D
:102350003CFE042E3CD1002C3AD0A019801E0078FF
:10236000694608703D48007869460978884205D377
:102370006846007839490978884225D20222611CD2
:10238000781C0190019800F06FFF01983100491E00
:10239000C9B2380001F044FAA119491E0978C0B247
:1023A000884211D10126607831000140617032000D
:1023B000611CB74C200000F057FF0120FEF726F803
:1023C0009148057091480670684600782349087066
:1023D00000F0FBFD042E3CD1002C3AD0A019801E49
:1023E0000078694608701D48007869460978884277
:1023F00005D36846007819490978884225D2022217
:10240000611C781C0190019800F02EFF01983100AA
:10241000491EC9B2380001F003FAA119491E097812
:10242000C0B2884211D1012660783100014061704C
:102430003200611CCD4C200000F016FF0120FDF79A
:10244000D7FF7148057071480670684600780349E7
:10245000087000F0BAFD00BF403A0008CC3C00080C
:1024600049350008352E3CD1002C3AD0A019801EE9
:10247000007869460870BE48007869460978884245
:1024800005D368460078BA490978884225D23322B4
:10249000611C781C0190019800F0E6FE0198310063
:1024A000491EC9B2380001F0BBF9A119491E0978CB
:1024B000C0B2884211D101266078310001406170BC
:1024C0003222611CAB4C200000F0CEFE0120FDF753
:1024D000C1FF4D4805704D48067068460078A44914
:1024E000087000F072FD042E39D1002C37D0A019ED
:1024F000801E0078694608709D4800786946097812
:10250000884205D36846007899490978884222D2E2
:102510000222611C781C0190019800F0A5FE019830
:102520003100491EC9B2380001F07AF9A119491EDB
:102530000978C0B288420ED101266078310001408E
:1025400061703200611CC84C200000F08DFE2E48E6
:1025500005702E480670684600788549087000F0BE
:1025600034FD042E4ED1002C37D0A019801E0078E7
:10257000694608707E48007869460978884205D324
:10258000684600787A490978884222D20222611C82
:10259000781C0190019800F067FE01983100491EF7
:1025A000C9B2380001F03CF9A119491E0978C0B23E
:1025B00088420ED1012660783100014061703200FE
:1025C000611CAA4C200000F04FFE0F4805700F4818
:1025D000067068460078664908700120A449097BA6
:1025E0000200114207D0A3490870FA2189000D208A
:1025F00001F040FB06E000209E49087000210D20FC
:1026000001F038FB00F0E1FCCD3C0008CE3C0008B6
:102610004B35000800F0D9FC042E37D1002C35D002
:10262000A019801E007869460870514800786946F4
:102630000978884205D3684600784D490978884270
:1026400020D20222611C781C0190019800F00CFE3F
:1026500001983100491EC9B2380001F0E1F8A11912
:10266000491E0978C0B288420CD110210020019087
:10267000A94C019A200000F001FDA8480570012036
:10268000A7490870684600783949087000F09DFC39
:102690004C350008042E36D1002C34D0A019801EF1
:1026A000007869460870324800786946097888429F
:1026B00005D3684600782E49097888421FD2022245
:1026C000611C781C0190019800F0CEFD019831004A
:1026D000491EC9B2380001F0A3F8A119491E0978B2
:1026E000C0B288420BD10120617802000A406270BA
:1026F00061788C4A117089490D7089490870684663
:1027000000781B49087000F060FC042E40D1002CBA
:102710003ED0A019801E00786946087014480078E1
:1027200069460978884205D36846007810490978D7
:10273000884229D20222611C781C0190019800F085
:1027400093FD01983100491EC9B2380001F068F8C4
:10275000A119491E0978C0B2884215D16078BB28FA
:102760000AD100207049087009E000BF4D3500080B
:10277000CC3C0008D835000801206B490870674838
:10278000057001206649087068460078674908703E
:1027900000F01BFC042E36D1002C34D0A019801E72
:1027A000007869460870614800786946097888426F
:1027B00005D3684600785D49097888421FD2032214
:1027C000611C7D1C280000F04FFD3100491EC9B27C
:1027D000380001F025F8A119491E0978C0B28842D5
:1027E0000DD16320FDF7F8FD012808D1504861782C
:1027F0000A224A43028001880D2001F03BFA684614
:1028000000784A490870E0E3042E41D1002C3FD003
:10281000A019801E0078694608704448007869460F
:102820000978884205D3684600784049097888428B
:102830002AD20222611C781C0190019800F014FD3C
:1028400001983100491EC9B2380000F0E9FFA11912
:10285000491E0978C0B2884216D1607800280BD191
:102860000020B64908700AE04F35000850350008CE
:1028700044350008BB3C00080120B04908702748D7
:1028800005700120264908706846007827490870BD
:102890009BE3042E3FD1002C3DD0A019801E007870
:1028A000694608702148007869460978884205D34E
:1028B000684600781D490978884228D20222611CA6
:1028C000781C0190019800F0CFFC01983100491E5E
:1028D000C9B2380000F0A4FFA119491E0978C0B29E
:1028E000884214D1A0788006800EA0700120617803
:1028F00002000A4092494B7BFE241C4022434A734B
:102900000100904A117005490D700549087068462C
:1029100000780649087058E35C3B0008CD3C00088D
:10292000CE3C0008B02B0008AE3C0008CC3C0008B0
:10293000603C00081D2E3BD1002C39D0A019801E10
:1029400000786946087080480078694609788842AE
:1029500005D3684600787C490978884224D21B2236
:10296000611C781C0190019800F07EFC01983100F8
:10297000491EC9B2380000F053FFA119491E097859
:10298000C0B2884210D11A22611C704C200000F0A5
:102990006BFC012001006E4A11700100694A117040
:1029A0006C490D706C49087068460078664908707B
:1029B0000BE3042E3FD1002C3DD0A019801E0078DF
:1029C000694608706048007869460978884205D3EE
:1029D000684600785C490978884228D20222611C46
:1029E000781C0190019800F03FFC01983100491ECD
:1029F000C9B2380000F014FFA119491E0978C0B20D
:102A0000884214D1A0788006800EA07001206178E1
:102A100002000A404A498B7BFE241C4022438A73F1
:102A200001004E4A11704B490D704B4908706846C1
:102A3000007845490870C8E21D2E3BD1002C39D0E2
:102A4000A019801E0078694608703F4800786946E2
:102A50000978884205D3684600783B49097888425E
:102A600024D21B22611C781C0190019800F0FCFB11
:102A700001983100491EC9B2380000F0D1FEA119F9
:102A8000491E0978C0B2884210D11A22611CB64C86
:102A9000200000F0E9FB01200100B44A11700100A0
:102AA0002E4A11702B490D702B490870684600782A
:102AB0002549087089E2042E3FD1002C3DD0A01991
:102AC000801E0078694608701F48007869460978BA
:102AD000884205D3684600781B490978884228D285
:102AE0000222611C781C0190019800F0BDFB019846
:102AF0003100491EC9B2380000F092FEA119491EEA
:102B00000978C0B2884214D1A0788006800EA070E7
:102B10000120617802000A400949CB7BFE241C4059
:102B20002243CA730100924A11700A490D700A4982
:102B30000870684600780449087046E2B12B000826
:102B400044350008BE3C0008CC3C0008803A000830
:102B5000BF3C0008CD3C0008CE3C0008C03C00084B
:102B60001D2E3BD1002C39D0A019801E007869465B
:102B700008708048007869460978884205D368461D
:102B800000787C490978884224D21B22611C781C79
:102B90000190019800F068FB01983100491EC9B20C
:102BA000380000F03DFEA119491E0978C0B28842E4
:102BB00010D11A22611C704C200000F055FB01203E
:102BC00001006E4A11700100694A11706C490D7064
:102BD0006C4908706846007866490870F5E1042E73
:102BE0003FD1002C3DD0A019801E007869460870A6
:102BF0006048007869460978884205D368460078BD
:102C00005C490978884228D20222611C781C019014
:102C1000019800F029FB01983100491EC9B2380023
:102C200000F0FEFDA119491E0978C0B2884214D1F6
:102C3000A0788006800EA0700120617802000A4012
:102C4000CD490B7CFE241C4022430A7401004E4AED
:102C500011704B490D704B49087068460078454922
:102C60000870B2E1062E3BD1002C39D0A019801E8D
:102C70000078694608703F480078694609788842BC
:102C800005D3684600783B490978884224D204225B
:102C9000611C781C0190019800F0E6FA019831005F
:102CA000491EC9B2380000F0BBFDA119491E0978C0
:102CB000C0B2884210D10322611CCC4C200000F02D
:102CC000D3FA01200100CA4A117001002E4A117086
:102CD0002B490D702B49087068460078254908700B
:102CE00073E1042E3FD1002C3DD0A019801E007846
:102CF000694608701F48007869460978884205D3FC
:102D0000684600781B490978884228D20222611C53
:102D1000781C0190019800F0A7FA01983100491E33
:102D2000C9B2380000F07CFDA119491E0978C0B273
:102D3000884214D1A0788006800EA07001206178AE
:102D400002000A408C494B7CFE241C4022434A74FA
:102D50000100AD4A11700A490D700A4908706846B1
:102D600000780449087030E19C3A0008C13C000832
:102D7000C23C0008CC3C0008B83A0008C33C00083C
:102D8000CD3C0008CE3C0008C43C00081D2E3BD1C1
:102D9000002C39D0A019801E007869460870A4481C
:102DA000007869460978884205D368460078A049CA
:102DB0000978884224D21B22611C781C019001985A
:102DC00000F052FA01983100491EC9B2380000F0F3
:102DD00027FDA119491E0978C0B2884210D11A22D4
:102DE000611C944C200000F03FFA01200100924A3F
:102DF00011700100844A117090490D70904908705B
:102E0000684600788A490870DFE0042E3FD1002C24
:102E10003DD0A019801E007869460870844800786B
:102E200069460978884205D3684600788049097860
:102E3000884228D20222611C781C0190019800F07F
:102E400013FA01983100491EC9B2380000F0E8FCBD
:102E5000A119491E0978C0B2884214D1A078800611
:102E6000800EA0700120617802000A4042498B7CEC
:102E7000FE241C4022438A740100724A11706F497B
:102E80000D706F49087068460078694908709CE0C9
:102E90001D2E3BD1002C39D0A019801E0078694628
:102EA00008706348007869460978884205D3684607
:102EB00000785F490978884224D21B22611C781C63
:102EC0000190019800F0D0F901983100491EC9B273
:102ED000380000F0A5FCA119491E0978C0B288424B
:102EE00010D11A22611C584C200000F0BDF90120BD
:102EF0000100564A11700100524A11704F490D707D
:102F00004F49087068460078494908705DE0042E12
:102F10003FD1002C3DD0A019801E00786946087072
:102F20004348007869460978884205D368460078A6
:102F30003F490978884228D20222611C781C0190FE
:102F4000019800F091F901983100491EC9B238008A
:102F500000F066FCA119491E0978C0B2884214D15C
:102F600060788007800F60700120FDF703FA01266A
:102F70003200611C364C01E044350008200000F0AE
:102F800073F92E4805702E48067068460078284967
:102F900008701AE000200290207A019020790090B9
:102FA000E378A2786178D22000F0F0FC0DE02000F8
:102FB00009300290207A019020790090E378A2787D
:102FC0006178D22000F0E2FCFFE7F7BD21480078ED
:102FD00070472049087070471F49087070471F49A3
:102FE000087070471D48007870470000D83B000803
:102FF000C53C00081A49087070471A4908707047A4
:10300000194AC0B211547047C63C00081649C0B2F4
:10301000085C70471548007870471549087070477C
:103020001449087070471449087070470000000088
:10303000CC3C0008D43A0008C73C0008CD3C00084E
:10304000CE3C0008C83C0008F03A0008C93C000823
:10305000AF3C0008B23C0008D33C0008D03C00085C
:10306000D13C0008D43C000818390008B12B0008F6
:10307000B22B0008D53C0008D63C00081206130A03
:103080001A43130C1A4300BF094205D0830707D027
:103090000270401C491EF9D1704700000022FFE772
:1030A0001300103906D330B41400150010393CC099
:1030B000FCD230BC490700D30CC000D504C0890045
:1030C00002D30280801C002900D50270704703558E
:1030D00031B48B0707D00B780370002B20D0401C35
:1030E000491C8B07F7D1164CE501830722D104C98F
:1030F000131B93432B4205D104C004C9131B9343F4
:103100002B42F9D0FF231A42027009D0120A1A4248
:10311000427005D0120A1A42827001D0120AC2709F
:1031200031BC70470270120A4270120A8270120A91
:10313000C270001D04C9131B93432B42F2D0E1E778
:103140000101010180B5002000F021FE01BD10B594
:10315000040000200121200000F037FE01212000A2
:1031600000F06BFEC0B210BDFEB584B0070003973F
:1031700004988008029006988008019005980090B5
:103180000026300030003000300030003800FFF7FB
:10319000DEFF3C0035000BE02800069900F077FBCD
:1031A000012205984118200000F08AFE241D2D1DE3
:1031B000049838188442EFD3340013E030000D49EE
:1031C00008700EE02000019900F061FB0398A20056
:1031D0008058009A890051588842EFD10120054952
:1031E0000870641C02988442ECD30248007807B04F
:1031F000F0BD00009F3C0008F8B500908E089C08C8
:1032000017000025290029002900012100F015FEE2
:10321000C0B201280CD009E02800210000F037FBE3
:103220000098AA008058890078506D1CB542F3D3ED
:10323000F1BD047370B4103A03D378C9103A78C062
:10324000FBD2530701D318C918C001D508C908C05B
:10325000D20704D30B880380891C801C002A01D567
:103260000B78037070BC70478B0701D18307E1D0E6
:10327000124205D00B78491C0370401C521EF9D134
:1032800070470500822189004058C005C00D704775
:1032900082218900415808000004C00F704738B5EA
:1032A00004002000FFF7EEFF05002000FFF7F0FF0D
:1032B0002818002801D1012000E00020C0B232BD52
:1032C0000168802212060A430260704780B500F050
:1032D000FEFE01BD80B5FFF7E2FF02BD38B5040078
:1032E0000025280028002000C0B201F035F8002891
:1032F00007D04649E4B23C2254430D192860291DE9
:10330000C160280032BDFEB500210F000478467868
:103310008278C5783E4803C86B4603C3083B10005B
:10332000C0B2FF2809D008206946487069461000DD
:10333000C0B201F0AAFB384307022800C0B2FF2840
:1033400009D006206946487069462800C0B201F0DD
:103350009CFB384307023000C0B2FF280BD0082086
:10336000694648703D0069463000C0B201F08DFBEF
:103370002F00384307022000C0B2FF2809D00620E2
:103380006946487069462000C0B201F07EFB3843B0
:103390000700FF20801C3840002801D0012000E0F9
:1033A0000620C0B2FEBD80B5C90001F066F802BDBE
:1033B000F0B593B005000C0016484C2631000022F1
:1033C0006F463800FFF75AFE32004A496E46300019
:1033D000FFF74AFF607A0290207A0590A07A049065
:1033E0002868006801F002FE2A1D69462868006806
:1033F00001F05AFC002804D161682868FFF7D3FF68
:1034000000E00420C0B213B0F0BD00007C2E000824
:10341000281602100160AA0038B50C00C0B2FFF7F0
:103420005DFF0500002D01D0002C01D104200AE031
:103430002000FFF768FF012804D121002800FFF7D2
:10344000B7FF00E00420C0B232BD10B50C00C0B21E
:10345000FFF744FF002816D02100C9B2012903D08C
:103460002100C9B200290ED1E4B2012C04D10068B8
:103470000068FFF725FF04E0011D0068006801F007
:10348000E5FD012000E00420C0B210BD0CB470B511
:103490000D00C0B2FFF722FF040000263000002C10
:1034A00021D02A0004AB144D8021280001F074FFC4
:1034B00003E0012001F090FF761C300080B20B2861
:1034C00005D220680068FFF705FF0128F1D1B6B2E8
:1034D0000A2E01D3022007E0290020680068FFF7C8
:1034E000F5FE012000E00420C0B2039970BC03B0D7
:1034F00008470000B01102109C36000870B5A14BBF
:103500001C78002C09D101200100197002219E4A6B
:1035100011700021B04A11802EE09B4C03002078EE
:10352000012814D100252800AB490E8892B296429A
:1035300004D30220207001200D801DE0DBB2012B9E
:1035400003D10A88521C0A8016E00D8014E0012580
:103550002800A14A168889B28E4204D32570002122
:103560000800118008E0DBB2002B03D11188491C50
:10357000118001E000211180C0B270BD10B40100C3
:10358000964A974B080080B21C88001914880019CD
:1035900054880019801019805388138093885380B1
:1035A000918080B210BC704730B58E4C2578002DCC
:1035B00005D10120207000208B49087037E0DBB274
:1035C000012B20D1130004009BB2A4B2A34209D363
:1035D00003000C009BB2A4B2A34203D30120824992
:1035E000087024E0030092B29BB29A4203D20220F8
:1035F0007D4908701BE080B289B2884217D203204F
:103600007949087013E0030092B29BB29A4203D248
:103610000220754908700AE080B289B2884203D25C
:1036200003207149087002E003206F4908706E485A
:10363000007830BD38B56D4D2900732001F069FA6E
:103640006B4C142214212878FFF758FF2070207843
:10365000002815D10020FFF7D9FC010001242143E7
:10366000C9B20020FFF7CCFC624D287800280AD1AF
:1036700061480168002906D0006880472C7002E08C
:1036800000205C49087031BD7CB50600002425008F
:103690002000694608706946732001F03AFA6846CE
:1036A0000078012804D155480188491C018001E0B7
:1036B0005248048051480188B6B2B14201D3012575
:1036C00004802800C0B276BD00B503000A000020C7
:1036D0009BB24B48584392B26421514300F0D7F853
:1036E0004849088080B200BD38B50B0011000024A5
:1036F00022002200C0B201281CD189B2180080B279
:10370000FFF7E2FF0500FA20C000FFF7BDFF012828
:103710000ED128003C49098880B2884206D33B4834
:103720000088ADB2A84201D3012004E0200002E0ED
:10373000200000E02000C0B232BD80B5344907202F
:1037400001F031FF00223349072001F0CFFF0121B2
:10375000072001F0A8FF0121072001F085FF0322C7
:103760000121072001F0E9FF01BD10B5040001218E
:103770002B2001F0E9F9FFF7E0FF1F48046001206A
:1037800010BD0000A63C0008AE2B000838B50C00A8
:1037900000221100012180B2FFF7F0FE0500280091
:1037A00080B2FDF71CF8ADB215486843A4B264219D
:1037B000614300F06CF8134908800D490B78DBB2C7
:1037C00015490A881549098880B2FFF7EDFEC0B295
:1037D00032BD0C4800887047503C0008883B000808
:1037E000523C0008A73C0008A83C0008AA3C00087E
:1037F000AD2B0008A93C0008D43B00084E3C000853
:10380000821E0000543C0008A22B0008A42B0008D4
:103810006823000835360110A02B00089E2B0008F5
:1038200030B50C4A0523137000231C001C0009E06E
:103830001C00E4B2055D14786C40074DE4B22C5DC9
:1038400014705B1C1C000D00E4B2EDB2AC42EFD36F
:10385000107830BD9B3C0008680C0210F44600282C
:1038600004D4494200F013F8404260474042002926
:1038700005D45FD000F00BF840424942604749420E
:1038800000F005F84942604703460B43E6D40022A6
:10389000030A8B420BD203098B4219D243088B4295
:1038A0002ED2411A00D20146524110467047FF22E3
:1038B00009023FD012068B4205D3121209028B4235
:1038C00001D31212090203098B4219D300E0090A3D
:1038D000C3098B4201D3CB01C01A524183098B42E9
:1038E00001D38B01C01A524143098B4201D34B01D2
:1038F000C01A524103098B4201D30B01C01A524135
:10390000C3088B4201D3CB00C01A524183088B42BB
:1039100001D38B00C01A524143088B4201D34B00A4
:10392000C01A5241884200D3401A5241CFD20146B8
:103930001046704708B501F029FF08BD00B5002109
:10394000080006E0FF20934A0B00DBB2D218907308
:10395000491C0800C0B24028F4D300BD8D4908704E
:1039600070478C494870704710B590210022894CEF
:103970002000FFF783FBFFF7E1FF0020FFF7EEFFDA
:103980000020FFF7EEFF10BD83487047F8B5002414
:10399000804C2578002D00D09DE0079D2E00F6B2CA
:1039A000002E00D197E02E00F6B2412E00D392E017
:1039B000069E0700FFB2D22F5FD108980F00FFB21A
:1039C000012F29D1A170E2702371A6602900C9B22C
:1039D000402902D34121617302E02900491C61732F
:1039E0004E216654002108E00A0052B2825C0B00AE
:1039F0005BB2E3184F269A55491C0A0052B22B00BD
:103A00005BB29A42F0DBFFF799FF0120FFF7A6FFB8
:103A10000020FFF7A6FF5EE00F00FFB2032F03D0E8
:103A20000F00FFB2042F56D1A170E2702371A6607F
:103A300021000D310D702A00D2B2412A02D3412259
:103A40000A7000E00D70002108E00A0052B2825CAA
:103A50000B005BB2E3184E269A55491C0A0052B27D
:103A60002B005BB29A42F0DBFFF768FF0120FFF703
:103A700075FF0020FFF775FF2DE0C0B2D0282AD1D6
:103A80000800C0B2012811D1A170E2702371A660B4
:103A9000012060734E2026542573FFF74FFF01204D
:103AA000FFF75CFF0020FFF75CFF14E00800C0B2E6
:103AB000032803D00800C0B204280CD1A170E27022
:103AC0002371A6602573FFF739FF0120FFF746FF3A
:103AD0000020FFF746FFF1BDE0B52E480178002930
:103AE0004DD002293BD04ED2817801290DD1017BE6
:103AF000019101000E310091437B02004E3281683A
:103B0000C9B2007901F0A0FE25E0817803290AD12D
:103B1000017B009103000E33427B01004E3180682F
:103B200001F0E6FE17E0817804290AD1017B0091BB
:103B300003000E33427B01004E31806801F00AFF22
:103B400009E08078022803D10120FFF70AFF02E094
:103B50000120FFF706FF0220FFF700FF19E0417880
:103B6000022905D1FFF7EAFE0020FFF7F7FE05E086
:103B70004078012802D10020FFF7F0FE09E0002084
:103B8000FFF7EFFE05E00020FFF7E8FE0020FFF75B
:103B9000E8FE07BD0C3600081A36000880B562B68C
:103BA00000202B490880FA2040002A4908802A4931
:103BB0000D2002F07BF801210D2002F0BBF801215D
:103BC0000D2002F098F801BDF8B504000D00802624
:103BD0003602280080B2B04212D33500204F387828
:103BE00000280BD10121612000F0AEFF1D496120AA
:103BF00000F04BFF0121612000F0A6FF012038708A
:103C00002700280080B2B0420FD2154C207801283E
:103C100009D11549612000F038FF290089B2380028
:103C2000C0B202F0AAF800202070104800880128D5
:103C300002D10A48058001E0084805800C49380097
:103C4000C0B202F0ACF8F1BD024800887047000035
:103C5000803C00087E3C0008882B00087C3C000863
:103C6000FA3C000830230008382300085A3C0008BA
:103C7000823C000880B589B2C0B202F07EF801BD76
:103C800038B505000C006320FCF7A6FB002805D121
:103C9000210089B22800C0B202F06FF831BD0600E1
:103CA00000B5010009B2002905D40121C006C00EEB
:103CB0008140AB48016000BDF0B5020012B2002A9D
:103CC00018D418227D4B040024B2A408A4001C5967
:103CD000FF250600F6001640B540AC438901C9B285
:103CE0000500ED002A409140214300B28008800089
:103CF00019501CE00F229D4C182503001BB21340E5
:103D0000083B9B089B00060036B23240083A9208F6
:103D10009200A258FF260700FF002F40BE40B2438A
:103D20008901C9B2C0000540A9401143E150F0BD6E
:103D300000B58F48012102680A43026002680A4008
:103D4000002AFBD100BD8B48016801220A430260B2
:103D500070478948016801220A4302607047F8B53C
:103D6000684602F0F9F800280AD018227D497E48FA
:103D700002F08CF9422081490860002001F048FBE4
:103D800001207F490870FFF7D3FF05B000BD80B563
:103D9000C0B201280ED103217A4802F015F903219F
:103DA0000320FFF789FF0320FFF77AFF0120764900
:103DB000087002E0002074490870FFF7C4FFFFF7A5
:103DC000C8FF01206E49087001BD3EB504000D001A
:103DD0006E4803C86A4603C2083A2800C0B20028E9
:103DE00011D16948007801280AD018225D495E483F
:103DF00002F04CF98B2061490860002001F008FBBB
:103E000000205F490870684601210171002141715D
:103E100000942A00D2B26946002002F035FB002847
:103E20000AD018224F49504802F030F995205349E2
:103E30000860002001F0ECFA37BD3EB505000C002B
:103E4000280002F025FA00280AD0182245494648E1
:103E500002F01CF9AB2049490860002001F0D8FAB3
:103E60002000C0B2002811D14748007801280AD0AC
:103E700018223C493C4802F009F9AF203F4908604C
:103E8000002001F0C5FA00203D4908700095280087
:103E900002F03AFA002801D0202001E080208000C2
:103EA00001902200D2B26946002002F055FB0028A2
:103EB00001D1012000E000203EBD000000E400E050
:103EC0007FB505000E001400280002F0E1F900287B
:103ED0000AD018222349244802F0D8F8D5202749CF
:103EE0000860002001F094FA68461021FFF7D6F828
:103EF0002000C0B2002811D12348007801280AD040
:103F000018221849184802F0C1F8DC201B49086043
:103F1000002001F07DFA002019490870012168464F
:103F20000A0002720A00427202228272C1720021E9
:103F30000173009501962200D2B26946002002F07A
:103F40004FF900280AD018220649074802F09EF8C7
:103F5000EB200A490860002001F05AFA7FBD0000FA
:103F600000E100E048120210243B00081CED00E0D4
:103F70000800244000F4244000F52440C43B00081D
:103F80009C3C00085F3D01109D3C0008F0150210AC
:103F9000D021890040587047C22189004058C0058F
:103FA000C00D704790229200815070478221890095
:103FB0004058C005C00D704700B50068800B8007F1
:103FC000800F002801D1802000E0402000BD00B516
:103FD000C02189004058C006C00E082801D2012027
:103FE00000E00020C0B200BD00B58021890040582B
:103FF000C006C00E082801D2012000E00020C0B297
:1040000000BDF8B504000D0016002000FFF7DFFF2B
:10401000002809D02F000025B54210D22000FFF75C
:10402000B7FF78556D1CF7E72F00002505E020004D
:10403000FFF7AEFF690078526D1CB542F7D3F1BDB2
:10404000F8B507000D0016003800FFF7A5FF0400C3
:10405000A64200D23400290022003800FFF7D1FF29
:104060002000F2BDF8B504000D0016002000FFF797
:10407000BBFF002809D02F000025B54210D2795D82
:104080002000FFF78FFF6D1CF7E72F00002505E0EC
:104090006800395A2000FFF785FF6D1CB542F7D341
:1040A000F1BDF8B507000D0016003800FFF784FFDA
:1040B00004003800FFF77AFF241AA64200D2340029
:1040C000290022003800FFF7CDFF2000F2BDF8B52F
:1040D00004000F0000252000FFF76EFF060009E036
:1040E0002000FFF763FF8642FAD0795D2000FFF7DA
:1040F00059FF6D1C785D0028F2D1F1BD70B5060046
:104100000C00150004E021003000FFF74BFF6D1E8E
:10411000002DF8D170BDF8B507000D00160038006D
:10412000FFF74AFF04003800FFF740FF241AA642B9
:1041300000D23400290022003800FFF7DFFF200002
:10414000F2BD000000B5010009B2002905D401212B
:10415000C006C00E8140A148016000BD00B501004D
:1041600009B2002905D40121C006C00E81409C4837
:10417000016000BDF0B5020012B2002A18D4182266
:10418000984B040024B2A408A4001C59FF25060083
:10419000F6001640B540AC438901C9B20500ED00F8
:1041A0002A409140214300B28008800019501CE051
:1041B0000F228D4C182503001BB21340083B9B08AF
:1041C0009B00060036B23240083A92089200A2588C
:1041D000FF260700FF002F40BE40B2438901C9B24D
:1041E000C0000540A9401143E150F0BD00B5C0B288
:1041F000002804D0012808D003280BD00FE0202984
:1042000001D3012000E0002000BD102901D30120CE
:10421000FAE7F8E7082901D30120F5E7F3E70120E1
:10422000F2E7F8B505000C0017001E002100280079
:10423000C0B2FFF7DBFF012801D101201FE02800F9
:10424000C0B202281ED180204002874218D2202E00
:1042500016D2B048A10041180B68AF4A1A403B0281
:10426000AE4D1D4015430D60A10040180168F822B5
:104270009143F200F82313400B4303600020F2BD8A
:104280000120FCE7EDB2032D1AD1802040048742C3
:1042900014D2202E12D2BB48A10041180A68D2B213
:1042A0003B0213430B60A10040180168F8229143C0
:1042B000F200F82313400B430360DFE70120DEE741
:1042C0000120DCE770B505000C001600310020006D
:1042D000C0B2FFF78BFF012801D1012014E0AA48EA
:1042E0002900C9B289004158A84A0A40E4B2230211
:1042F000C021890019401143FF229143F2B20A43C1
:10430000EDB2A9004250002070BD38B505000C0088
:1043100021002800C0B2FFF769FF012801D1012068
:1043200019E09B480168802212060A43C0218904D3
:104330001143FF2212040A43944B1340EDB22A02A8
:10434000C021890011401943FF229143E2B20A4380
:1043500002600068002032BD00B50022110001009B
:10436000C9B2082901D3100008E08A49C0B2182355
:10437000584308180168002900D1100000BD00B59D
:10438000002211000100C9B2382901D3100008E051
:104390008149C0B21423584308180168002900D18C
:1043A000100000BD00B5FF20002100E0491C0A00FC
:1043B000D2B2082A10D2794A0B00DBB25B00D318C4
:1043C0005B78002BF2D101200B00DBB25B00D3182D
:1043D0005870C9B24800105CC0B200BD00E100E0F6
:1043E00080E200E000E400E01CED00E0D0B5060053
:1043F0000F0010001900049C4901C20E1143400136
:1044000032003B0002F00EF9C306DB0E4009020544
:10441000120D521E2100C9B20320FFF702FFD0BDCA
:10442000FEB5060014001D0000273800FFF7BAFF94
:104430006946087168460079FF2802D030000028DC
:1044400001D1380017E008A9C0C9083969460A79BE
:1044500003210079FFF736FF6846007900903200AB
:104460003B0020002900FFF7C1FF684601790320C7
:10447000FFF74BFF0120C0B2FEBD38B584B0050088
:104480000C0000200020002102AA03C2083A02A862
:1044900002F090FD002809D1220002A803C8009074
:1044A000019100232800FFF7BBFF00E00420C0B209
:1044B00005B030BD3EB50D0014000021C0B2FFF7BD
:1044C0005EFF0200364803C86B4603C3083B002A60
:1044D0001CD02800002819D06846D188018095603A
:1044E000D46001241474684602F096FD2D490098AA
:1044F00000B202F0B0FD03210620FFF73BFE0620CC
:10450000FFF72CFE0620FFF71DFE00E0042420002C
:10451000C0B23EBD00180040FF0000FF00FFFF00DA
:104520001CB502000B0000201F4803C86C4603C4E2
:10453000083C002A23D01800C0B2022807D0180077
:10454000C0B2042803D01800C0B2062817D11375D2
:104550006846D1880180684602F05EFD13490098E4
:1045600000B202F078FD03210520FFF703FE0520CD
:10457000FFF7F4FD0520FFF7E5FD012000E0042032
:10458000C0B216BD001C0040000C0040FFFCFFFF45
:1045900000040040B01A0008701B0008D01F00087B
:1045A00000160210B345011008160210E948011068
:1045B000704710B500242000062002F06EFD00B206
:1045C00089214900401A00D187E0401E00D189E0CE
:1045D000401E00D18BE0801E00D18DE0401E00D136
:1045E0008FE0401E00D191E0401E00D193E0801E7C
:1045F00000D195E0401E00D197E0401E00D199E027
:10460000401E00D19BE0401E00D19DE0401E00D125
:104610009FE0401E00D1A1E0401E00D1A3E0401E5B
:1046200000D1A5E0401E00D1A7E0401E00D1A9E0C6
:10463000401E00D1ABE0401E00D1ADE0401E00D1D5
:10464000AFE0401E00D1B1E0401E00D1B3E0401EFB
:1046500000D1B5E0401E00D1B7E0C01F00D1B9E0E5
:10466000401E00D1BBE0801E00D1BDE0401E00D145
:10467000BFE0401E00D1C1E0401E00D1C3E0401E9B
:1046800000D1C5E0401E00D1C7E0401E00D1C9E006
:10469000801E00D1CBE0401E00D1CDE0401E00D1F5
:1046A000CFE0401E00D1D1E0401E00D1D3E0401E3B
:1046B00000D1D5E0401E00D1D7E0401E00D1D9E0A6
:1046C000401E00D1DBE0401E00D1DDE0401E00D1E5
:1046D000DFE0401E00D1E1E0E5E00020FFF74FFE03
:1046E0000400E0E00120FFF74AFE0400DBE00220C6
:1046F000FFF745FE0400D6E00420FFF740FE04006B
:10470000D1E00520FFF73BFE0400CCE00620FFF7D8
:1047100036FE0400C7E00720FFF731FE0400C2E0C8
:104720000920FFF72CFE0400BDE00A20FFF727FE5A
:104730000400B8E00B20FFF722FE0400B3E00C20D9
:10474000FFF71DFE0400AEE00D20FFF718FE040089
:10475000A9E00E20FFF713FE0400A4E00F20FFF7EE
:104760000EFE04009FE01020FFF709FE04009AE00F
:104770001120FFF704FE040095E01220FFF7FFFD73
:10478000040090E01320FFF7FAFD04008BE01420F2
:10479000FFF7F5FD040086E01520FFF7F0FD0400AB
:1047A00081E01620FFF7EBFD04007CE01720FFF707
:1047B000E6FD040077E01820FFF7E1FD040072E059
:1047C0001920FFF7DCFD04006DE01A20FFF7D7FD8C
:1047D000040068E02120FFF7D2FD040063E02220FE
:1047E000FFF7CDFD04005EE02420FFF7C8FD0400C4
:1047F00059E02520FFF7C3FD040054E02620FFF711
:10480000BEFD04004FE02720FFF7B9FD04004AE099
:104810002820FFF7B4FD040045E02920FFF7AFFD95
:10482000040040E02A20FFF7AAFD04003BE02C2012
:10483000FFF7A5FD040036E02D20FFF7A0FD0400E2
:1048400031E02E20FFF79BFD04002CE02F20FFF726
:1048500096FD040027E03020FFF791FD040022E0E0
:104860003120FFF78CFD04001DE03220FFF787FDAB
:10487000040018E03320FFF782FD040013E0342029
:10488000FFF77DFD04000EE03520FFF778FD040002
:1048900009E03620FFF773FD040004E03720FFF73E
:1048A0006EFD0400FFE7002C1CD0207C012819D1EC
:1048B000206802F063FD002806D0E068A168884700
:1048C000206802F069FD0DE0206802F052FD00282A
:1048D00006D0E068A1688847206802F055FD01E035
:1048E000FFF766FE10BD704710B5002420000520BC
:1048F00002F0D3FB00B211280ED04D2811D04E2863
:1049000028D04F2812D0502815D0512818D052281E
:1049100025D0532819D027E00020FFF71DFD040003
:1049200022E00120FFF718FD04001DE00320FFF73F
:1049300013FD040018E00420FFF70EFD040013E04F
:104940000520FFF709FD04000EE00720FFF704FD36
:10495000040009E00220FFF7FFFC040004E0062049
:10496000FFF7FAFC0400FFE7002C18D0207D022896
:1049700004D0042807D006280AD00EE0E168206899
:1049800000F096FB0BE0A168206803F0ADF906E0AB
:104990002169206803F0D5FE01E0FFF7A4FF10BDF8
:1049A0000269CA401000C007C00F704700B5002A56
:1049B00003D101228A40426002E001228A408260E3
:1049C00000BD01228A40C260704700B5182803D29A
:1049D000C0010349401801E00020C04300BD0000B1
:1049E0000000314000B50178002902D0017801298A
:1049F00048D14178002926D04178022923D0417836
:104A0000032920D0417804291DD0417805291AD0E6
:104A10004178062917D04178072914D04178082910
:104A200011D041780A290ED041780B290BD041785A
:104A30000C2908D041780D2905D041780E2902D0E3
:104A400041780F291CD1C178002902D0C1780129F1
:104A500014D10179002902D0017901290CD14179C1
:104A6000002905D04179022902D04079032801D1DB
:104A7000012008E0042006E0042004E0042002E015
:104A8000042000E00420C0B200BDF8B58EB00500DF
:104A90000C00002C39D02000FFF7A4FF012832D1F0
:104AA0002800C0B2C0086907490F6A461170C0B239
:104AB000FFF78BFF05000020C043854221D0342141
:104AC0000026320001AF3800FEF7D8FA029601A89E
:104AD00006722178019161780291A1780172E078E3
:104AE0000690207907906079089001AA68460178BD
:104AF000280003F0D8FF002801D1012006E004209F
:104B000004E0042002E0042000E00420C0B20FB062
:104B1000F0BD38B502000C001000C0B2C008550747
:104B20006D0FC0B2FFF751FF0021C943884208D082
:104B3000002C06D02900C9B2FFF732FF20700120F7
:104B400000E00420C0B232BD38B502000C001000F5
:104B5000C0B2C00855076D0FC0B2FFF736FF002185
:104B6000C94388420FD02100C9B2002903D02100D7
:104B7000C9B2012907D12200D2B22900C9B2FFF778
:104B800015FF012000E00420C0B232BD10B50100C5
:104B90000800C0B2C0084C07640FC0B2FFF715FF91
:104BA0000021C943884205D0E4B22100FFF709FF84
:104BB000012000E00420C0B210BDE402D021890031
:104BC00040587047C122920080180268FF239A4320
:104BD000C9B2114301607047C22189004058C00525
:104BE000C00D704790229200815070478221890049
:104BF0004058C005C00D7047E0210901405870477A
:104C00000B4A815070470B4940587047FC221201F3
:104C10008150FC21090140587047074A8150704774
:104C2000054940587047054940587047000000004A
:104C3000C80F0000CC0F0000880F00008C0F000090
:104C4000F82212018150F82109014058704700B53F
:104C50000068800B8007800F002801D1802000E0D1
:104C6000402000BD00B5C02189004058C006C00EDC
:104C7000082801D2012000E00020C0B200BD00B52C
:104C8000802189004058C006C00E082801D20120AA
:104C900000E00020C0B200BD80B5FFF7D1F902BD31
:104CA00080B5FFF7FEF902BDF4B588B0C14AC24B2A
:104CB0001B68C24C2468C24D2D68C24E36680696E9
:104CC000C14E36680596C14E36680496C04E3668A9
:104CD0000396C04E36680296BF4E36680196BF4EA8
:104CE00036680096002800D161E1002900D15EE11C
:104CF0000A68022A05D126228A5C002A01D10022F4
:104D000001E04A68521E24268E5D002E01D0012645
:104D100000E00026B24F1F40330480267602334065
:104D20003B43B04E1E4007960F26079B0F27BB4301
:104D300032401A43AC4B1A408027BF041743076028
:104D40000A789207920F23401406C0229204224050
:104D50001A43026425228A5C002A01D0012200E065
:104D6000002240239D43920140231A402A43CB7ED8
:104D7000002B01D0012300E00023B04C14409A0224
:104D80008023DB001A4022434B7E002B01D00123FD
:104D900000E00023AA4C14401D028022520015405E
:104DA00025438A7E002A01D0012400E000248022CD
:104DB0009200A44B1D40640214402C438D6B6D1E69
:104DC0002E40A14D25403604F024240334402C43CA
:104DD0000D696D1E6D076D0F0726B4432543012431
:104DE0004E6926401027BD43360110273E402E4312
:104DF0004D696D0825402027BE436D0120273D40A9
:104E0000354385640D7B002D01D0260000E000268F
:104E10008B4D069F2F40BC463702802676003740D8
:104E2000664637430E7E002E01D0260000E00026A5
:104E30003B40760232401A431F238E68761E1E4086
:104E40001F27BA431643C022920086500A7FD7B26A
:104E5000059AFF26B243174320228A5CD6B2824AC3
:104E60003A403704FF2636043E401643C4229200DF
:104E7000865027228A5C002A01D0260000E0002606
:104E8000049A2A40360280277F003E4016430A6972
:104E9000521E5207520F0727BE4332434E69264027
:104EA0001027BA43360110273E4016434A6952087C
:104EB00022402027BE43520120273A403243426419
:104EC0000A7B002A01D0220000E00022039E354028
:104ED00016028022520016402E438D686D1E1A0065
:104EE0002A401F239E4332430B68012B01D1260029
:104EF00000E0002680235B02394D2A4036041E4024
:104F000016438022920086503C228A5CD2B2029ED6
:104F1000FF27BE433243C126B600825128228A5C55
:104F2000002A01D0260000E00026019F4F4A3A40A7
:104F300077068026B60437401743CA6A012A01D192
:104F4000260000E000264A4A3A40360680277F04C1
:104F50003E4016434A6B012A00D00024089A35408F
:104F6000240423402B4330240C5DE4B2FF25AB43E3
:104F70001C4304654423CB5CDBB2009CFF25AC439F
:104F800023438124A40003518B6C3A4C0351096CD8
:104F9000394BC150002A09D0002050601060906049
:104FA000D0601062D0621063344850630022100059
:104FB00009B0F0BD0160AA008C1602109016021014
:104FC00094160210981602109C160210A0160210D9
:104FD000A4160210A8160210AC160210B016021089
:104FE000FFFFFEFFFF3FFFFFFFFFFFFC24490160C3
:104FF000C0218903016400218164FF220832C0239B
:105000009B00C250C1239B00C150C4239B00C150D0
:10501000416480239B00C25081229200815001652F
:10502000184A8150184A8150134A8150114A8150C0
:10503000164A81501D4A815070470000FFFBFFFF58
:10504000FFFEFFFFFFFDFFFFFFFFF0FF00B502685F
:10505000520052080260002904D000204860086015
:105060000862C86200BD0000FFFF00FFFFFFFFFDF8
:10507000FFFFFFFE880F0000C80F0000EFCDAB0060
:105080000F000003C80E0000880E0000080F00008B
:1050900000B508694A69904202D34969401A03E0A1
:1050A000CA6880184969401A00BD0000480F000016
:1050B00070B504000D002000FFF79EFD00073AD5F3
:1050C0002000FFF7A0FDC8218900014000290BD076
:1050D0006868084368602000FFF798FD286B002887
:1050E00002D01020296B8847802636012000FFF768
:1050F0008AFD3040002806D068683043686031007F
:105100002000FFF783FD2000FFF77DFDC00712D5CB
:10511000E869002804D02900200000F048F806E0E3
:10512000A868002803D02900200000F08CF8012195
:105130002000FFF76BFD2000FFF75EFD400735D52F
:105140002000FFF770FDA021C900014000290BD00D
:105150002868084328602000FFF772FD286B0028AC
:1051600002D02020296B88472000FFF75CFDC00794
:1051700007D52900200000F0B4F801212000FFF736
:105180005FFD2000FFF74FFD80050FD500212000B7
:10519000FFF743FD28680121884328600020E8626A
:1051A000286B002802D00220296B884770BDF8B513
:1051B00007000C003800FFF74AFD4508E269A169C5
:1051C0003800FFF769FD0600206A80192062E06957
:1051D000801BE061E069002821D1A06800280FD081
:1051E000E068A84202D36D1E290001E0E168491E73
:1051F0003800FFF7E7FC01213800FFF701FD03E06D
:1052000000213800FFF7FCFC6068012188436060E2
:10521000206B002816D00420216B884712E0A0697B
:1052200000903800FFF71EFD002800D1760000989E
:105230008019A061E069A84204D2E169491E3800E2
:10524000FFF7C0FCF1BDF1B582B00F000298FFF787
:10525000FEFC400800900298FFF7BEFC05003C6988
:105260000FE0B868610046520AE00298FFF7A6FC1A
:1052700006000298FFF7F6FC0028F2D0B868065541
:105280006D1E002D1AD0641CF868844200D10024E1
:1052900078698442E9D1386B002802D00820396B44
:1052A000884778698442E0D100210298FFF7A8FC82
:1052B000002C01D0641E01E0FC68641E3C61FC68A7
:1052C00039000298FFF7E4FE211A0098814207D2C4
:1052D000002901D0491E00E000210298FFF772FC6E
:1052E000F7BDF8B507000C003800FFF7B0FC06006A
:1052F0003800FFF7C4FC0500A06A022814D3606AD6
:105300000090A06AE062A26A521E616A3800FFF74C
:10531000C7FCA16A091AA1622900C9B2002900D1FB
:1053200040000099081860623800FFF75FFC864271
:1053300030D0A06A01282DD10020A062EDB2002D4E
:1053400002D0606A057801E0606A058803F0F8FB26
:10535000060029003800FFF745FC8025AD00290034
:105360003800FFF76DFC300003F0EEFB3800FFF76C
:1053700057FC01218843054329003800FFF74DFC05
:105380002068022101432160206B002802D0012007
:10539000216B8847F1BD34031CB584B0002403940D
:1053A000002902D10194029402E00190491E029169
:1053B000009405AB01A907487844183003F0CCFBF2
:1053C0000199002900D00C70002800D4039806B081
:1053D00010BD00BFDDC0000010B5040005E01B4893
:1053E000006803F0A5FB1A4824181A488442F6D234
:1053F000194800684443200003F09AFB10BD80B5B3
:10540000010089B215480078484303F091FB01BDC3
:1054100000B501BEFEE780B5114A12490B68934200
:1054200010D00A6002684A6042688A608268CA6076
:10543000C2680A6102694A6142698A618269CA6115
:10544000C069086204F025FB01BD0000183C00089B
:105450000080FFFF01800000143C0008FB3C0008B6
:10546000F3F2F1F06839000800B5C0B2002804D0AA
:10547000012808D003280BD00FE0202901D30120F8
:1054800000E0002000BD102901D30120FAE7F8E771
:10549000082901D30120F5E7F3E70120F2E770B511
:1054A00005000C00160021002800C0B2FFF7DCFF49
:1054B000012801D1012012E02800C0B2002811D13A
:1054C000FF2E0DD85D48A100401801685C4A0A40D3
:1054D0003102FF231B020B4013430360002070BD09
:1054E0000120FCE7EDB2012D11D18020400286425F
:1054F0000BD25448A10040180168534A0A403102B7
:10550000524B0B4013430360E8E70120E7E701201B
:10551000E5E770B505000C00160031002000C0B2B0
:10552000FFF7A2FF012801D1012014E0484829001B
:10553000C9B289004158474A0A40E4B22302C02157
:10554000890019401143FF229143F2B20A43EDB2A0
:10555000A9004250002070BD38B505000C002100A4
:105560002800C0B2FFF780FF012801D1012019E017
:1055700039480168802212060A43C0218904114378
:10558000FF2212040A43334B1340EDB22A02C0211A
:10559000890011401943FF229143E2B20A4302609D
:1055A0000068002032BDF0B59BB00F000821012635
:1055B0003100C0B2FEF7E3FE0400002C39D0002F0A
:1055C00037D0022200212079FFF7A3FF234D28784E
:1055D000002815D100200090684601F0EBFC0098EF
:1055E0001F49FEF754F90200521E02210020FFF766
:1055F00056FF02210020FFF7AFFF3000287001E0C6
:10560000300028706822174901AD2800FDF72CFEF4
:105610003868401E01903879039001A9206801F094
:1056200091FD002803D178792074300002E0002039
:1056300000E00420C0B21BB0F0BD0000001000402C
:10564000FF00FFFF00140040FF0000FF00FFFF000D
:10565000000C0040FFFCFFFF00040040A13C0008DC
:1056600040420F002810021010B50C000021C0B2FB
:10567000FEF785FE002813D02100C9B2012903D00E
:105680002100C9B200290BD1E4B2012C03D100687A
:1056900004F001FA02E0006804F003FA012000E0DF
:1056A0000420C0B210BD38B50C000021C0B2FEF716
:1056B00066FE0500002D16D02000C0B2012803D0E0
:1056C0002000C0B200280ED1E4B2012C06D1286817
:1056D00001F043FE286801F035FE02E0286801F081
:1056E00037FE012000E00420C0B232BD80B5C0B258
:1056F000FEF7E0FE02BD80B50021C0B2FEF73FFE1E
:10570000002804D0006801F03FFE012000E00420E2
:10571000C0B202BD80B50821C0B2FEF730FE00283D
:1057200008D0006801F025FE002801D0012002E029
:10573000002000E00420C0B202BD38B50C000021FA
:10574000C0B2FEF71CFE0500002D1CD02000C0B228
:10575000012803D02000C0B2002814D12C74E4B278
:10576000012C07D10620285E01F07FFC286801F09B
:10577000F4FD06E0286801F007FE0620285E01F02F
:105780007EFC012000E00420C0B232BD70473C0026
:1057900080B500202A493A200870392048705020EE
:1057A000C870052004F034FB01202649087001214F
:1057B000052004F06CFB01BD80B5052004F04BFB17
:1057C00000202049087001BD38B584B00024009441
:1057D00001AD2870697002922B721A480078012876
:1057E0000CD16A4601A9052004F0B0FB040020009A
:1057F000C0B2012802D0052004F08CFB2000C0B20A
:1058000005B030BD38B584B00024009401AD2870D7
:10581000697002922B720B48007801280CD16A46FD
:1058200001A9052004F0A2FB04002000C0B2012859
:1058300002D0052004F06EFB2000C0B205B030BDE0
:1058400048230008A23C0008F8B505000E00079F99
:105850003800C0B2002838D02800C0B2522816D173
:1058600055201070DBB23100C9B22800C0B2FFF77A
:10587000ABFF04000520FFF7AFFD3B00DBB2069A4B
:105880003100C9B22800C0B2FFF7BCFF13E0DBB2A1
:105890003100C9B22800C0B2FFF796FF040005200E
:1058A000FFF79AFD3B00DBB2069A3100C9B228002F
:1058B000C0B2FFF7A7FFE4B2002C04D0C0B20028AA
:1058C00001D0012008E0002006E0DBB23100C9B2BF
:1058D0002800C0B2FFF778FFC0B2012803D1012031
:1058E000FEF73FF802E00220FEF73BF8F1BD820030
:1058F000F1B582B0089C002005002500EDB2002D16
:1059000011D00500009308E0029B2E00F6B29B5DCB
:10591000009E2F00FFB2F3556D1C2B002600DBB25A
:10592000F6B2B342F0D31300DBB2002B0ED007E087
:105930000300DBB2CB5C029C0500EDB26355401C5A
:1059400003001400DBB2E4B2A342F1D30120FEF75E
:1059500008F8F7BDFEB505000E001400089A0020F7
:105960001000C0B2002805D0D2B229001F003800B4
:10597000FDF77AFC2000C0B2002825D01548281871
:105980001549884224D26006400E002805D0200028
:10599000C0B2C009401CC001444201968021FF22D0
:1059A0000E4E37003800FDF769FBE4B22200019883
:1059B0000090340000992000FDF756FC802332004F
:1059C00080212800FDF7D0FB0120FDF7CAFFF7BDBD
:1059D000FDE700000040FFEB813F00002437000896
:1059E00000B5C0B2002804D0012808D003280BD08D
:1059F0000FE0202901D3012000E0002000BD102984
:105A000001D30120FAE7F8E7082901D30120F5E7DF
:105A1000F3E70120F2E770B505000C001600210045
:105A20002800C0B2FFF7DCFF012801D1012012E0FD
:105A30002800C0B2002811D1FF2E0DD85948A1006E
:105A400040180168584A0A403102FF231B020B40EC
:105A500013430360002070BD0120FCE7EDB2012D6F
:105A600011D18020400286420BD25048A10040183C
:105A700001684F4A0A4031024E4B0B40134303600A
:105A8000E8E70120E7E70120E5E770B505000C0035
:105A9000160031002000C0B2FFF7A2FF012801D19B
:105AA000012014E044482900C9B289004158434A02
:105AB0000A40E4B22302C021890019401143FF22A9
:105AC0009143F2B20A43EDB2A9004250002070BDEA
:105AD00038B505000C0021002800C0B2FFF780FF98
:105AE000012801D1012019E0354801688022120601
:105AF0000A43C02189041143FF2212040A432F4B99
:105B00001340EDB22A02C021890011401943FF223F
:105B10009143E2B20A4302600068002032BD10B532
:105B200000210321032200210079FFF7AEFFC0B25C
:105B3000002810D1234C207800280AD1002203210C
:105B40000020FFF768FF03210020FFF7C1FF0120BD
:105B50002070012000E00620C0B210BD1CB502007C
:105B60000C000020184803C86B4603C3083B694675
:105B70001000C0B2FEF789FFC0B201280ED120008C
:105B8000C0B2FF2808D00920694688706946200005
:105B9000C0B2FEF77AFF02E0012000E00420C0B2AC
:105BA00016BD000000100040FF00FFFF0014004081
:105BB000FF0000FF00FFFF00000C0040FFFCFFFFA4
:105BC00000040040A03C000820160210F8B5A2B066
:105BD00005000E0000273800012088213A006C469D
:105BE0002000FDF74BFA0424009430780190012046
:105BF00005900697032107910891707A002801D03B
:105C00000127FFE728006A469773B2880992F28855
:105C10000C92B27A1392B27A1492022215921691D1
:105C200018911A911C911E91209101252195694688
:105C300004F05CFA002801D1280000E02000C0B286
:105C400023B0F0BD00B5002200292CD000282AD0B6
:105C50000878002814D00878012811D00878022884
:105C60000ED0087803280BD00878042808D00878CC
:105C7000052805D00878062802D00878072810D112
:105C8000087A002805D0087A012802D0087A02286C
:105C900007D1487A012802D0487A002801D1012092
:105CA00002E0042000E00420C0B200BD38B50C00C2
:105CB0000021C0B2FEF763FB050021002800FFF7BA
:105CC000C1FF012814D121002868FFF77FFF0128B8
:105CD0000CD1A1786078FFF741FFC0B2012803D151
:105CE0002800FFF71CFF04E0082002E0062000E087
:105CF0000420C0B232BD10B50C000021C0B2FEF7C6
:105D00003EFB002813D02100C9B2012903D0210095
:105D1000C9B200290BD1E4B2012C03D1006803F011
:105D2000BAFE02E0006803F0BCFE012000E004209F
:105D3000C0B210BD38B50C000021C0B2FEF71FFB89
:105D40000500002D16D02000C0B2012803D020008D
:105D5000C0B200280ED1E4B2012C06D1286801F0AF
:105D600002FB286804F00EFB02E0286804F010FB38
:105D7000012000E00420C0B232BD10B50C000021AB
:105D8000C0B2FEF7FCFA002806D0A4B221000068D9
:105D900004F003FB012000E00420C0B210BD10B5E8
:105DA0000C000021C0B2FEF7EAFA002807D0002C50
:105DB00005D0006804F0F3FA2080012000E0042000
:105DC000C0B210BD10B50400082C0AD318225349E4
:105DD000534800F05BF9E820524908600020FFF7C3
:105DE00017FB5C486101401810BD684B1B689BB2F3
:105DF00012041A43120C120489B2114381607047D5
:105E0000C0687047624B1B689BB212041A43120CA5
:105E1000120489B21143016000687047C069C00F65
:105E2000C0B27047F8B502000D00002A01D105206C
:105E300045E00F2057490B681B0A0340002B01D196
:105E4000002007E00968090A08400E2801D1012056
:105E500000E00220594940010F18594C594E3000BA
:105E600011001022FDF700FA3068012188433060EC
:105E700032000121380004F0A8FA002804D00120E3
:105E80001DE0641E002C11D03800FFF7C7FF00286A
:105E9000F7D12800002803D031001022FDF7E4F9E3
:105EA00000F042F8012803D1032008E0022006E0B8
:105EB00000F03AF8002801D1002000E00420F2BDF3
:105EC00038B50100002901D1052026E00F20314A14
:105ED00013681B0A0340002B01D1002007E0126861
:105EE000120A10400E2801D1012000E00220334A9E
:105EF00040011418334D28001022FDF7B5F9286829
:105F00000121884328602A000121200004F05DFA65
:105F1000002801D0012000E0002032BDD81202107C
:105F2000243B0008C43B000800B526480168090F5F
:105F30000907A0221206914201D1002009E0006861
:105F4000000F0007F0210906884201D1012000E07E
:105F5000022000BD0010224038B50400FFF7E4FF26
:105F600005002800C0B2022801D115480DE0002C20
:105F700004D0200040491022FDF776F9EDB2002D43
:105F800001D1002001E03C48006832BDB416021087
:105F9000B81602100000204000B5010F0907A0222A
:105FA0001206914201D1002006E0010F0907F022FC
:105FB0001206914200D0024800BD000000002240BD
:105FC000FFFFFF0F3C3B00081CB502000B002B48F5
:105FD00003C86C4603C4083C6C46638028480260D2
:105FE000684601F019F827490020205E01F033F8D7
:105FF0000220FFF7E7FE0F21234A13681B0A0B401C
:10600000002B01D1002307E01268120A11400E296B
:1060100001D1012300E00223002201219940FFF772
:10602000E4FE13BD70B5002630000220FFF7CAFE63
:1060300004002000FFF7E4FE05000F2012490A6863
:10604000120A0240002A07D00968090A08400E28EF
:1060500001D1012600E002262800F040C00705D546
:1060600007480168002901D0006880472A0CA9B2BE
:106070002000FFF7C7FE70BD3C3B0008F81502107A
:10608000C03B0008256001100000204071B58B075F
:1060900009D0521E28D30B780370401C1B421FD01E
:1060A000491C8B07F5D1121F3ED3274CE50140C98F
:1060B000331BB3432B4209D1830716D140C0121FB3
:1060C00032D340C9331BB3432B42F7D0121DFF23F9
:1060D0001E4205D00670401C360A521E1E42F9D1DF
:1060E00011000022FCF7D0FF71BDDB4216D0401E2C
:1060F0004670360A4680360C0671001D121F06D304
:1061000040C9331BB3432B42F2D0401CDEE7401C96
:106110000AE040C9331BB3432B42D7D10680360C6B
:106120004680001D121FF4D2121D0BD00B78037095
:10613000521E07D0401C491C1B42F7D10370401C63
:10614000521EFBD171BD0000010101014C480068E5
:10615000410B0800C007C00F704749480068010B99
:106160000800C007C00F704700B54648012102680B
:106170000A43026002680A40002AFBD100BD1FB535
:106180000400C9B2012921D168461021FCF786FF1D
:1061900069462000FFF746FE0100C9B2012901D17E
:1061A00057481BE00100C9B2022901D1364815E069
:1061B000C0B2042801D1354810E0009800F012F96F
:1061C00000280BD1FFF7D0FF002007E02000FFF7E9
:1061D00077FE002801D04A4800E0002004B010BD3E
:1061E0007FB50C001500002C01D1464846E0206820
:1061F00000F0E6F8012802D06068002801D141488B
:106200003CE068461021FCF749FF00980002000AB4
:10621000C021C90401430091227AFF2000024949AC
:10622000009B0B40120202401A430092637A009EC8
:10623000454A32401B04FF2636041E401643009692
:10624000E27A019B19401202104008430190A07AA3
:106250000199FF229143C0B208430190207B01992C
:106260000902090A0006084301902068029060684C
:1062700003902900C9B26846FFF781FF04B070BDE2
:10628000000024400800244010005200FF0052008B
:1062900010B50400FFF75AFF002810D1EC200006CB
:1062A000201890214902884201D2002026E043486C
:1062B0002018C021C90188421FD200201EE0902072
:1062C0000002EC2109066118814201D2002015E08C
:1062D000C02189016A4AA2188A4201D200200DE039
:1062E000EB221206A218824201D2002006E0654885
:1062F0002018884201D2002000E0012010BD0000DB
:10630000040052000F00520010B50400FFF71EFFFA
:10631000002807D129482018C021C90188420FD27E
:1063200001200EE0C020800155496118814201D250
:10633000012006E053496118814201D2012000E0AA
:10634000002010BDFF00FFFFFFFF00FF10B504009D
:10635000FFF703FF002810D1F02000062018F021DD
:106360000903884201D2002026E0654820188021D8
:10637000890288421FD200201EE0F020C002F021D6
:1063800009066118814201D2002015E080214902EE
:106390005C4AA2188A4201D200200DE0EE221206C9
:1063A000A218824201D2002006E0574820188842F5
:1063B00001D2002000E0012010BD000000E0FEEB53
:1063C00010B504002000FFF763FF002801D1002072
:1063D00007E02000FFF7BAFF002801D1002000E00D
:1063E000012010BD80B5FFF7D7FD002801D10020A6
:1063F00044E04649884201D145483FE04549401ABA
:106400001CD0801E1DD0401E1DD0401E1DD0401E21
:106410001DD0001F1DD087381DD0401E1DD0123842
:106420001DD0401E1DD0401E1DD0801E1DD0801EC0
:106430001DD008381DD009381DD01EE0A420C0038F
:106440001CE035481AE0354818E0354816E0354874
:1064500014E0354812E0354810E035480EE0354884
:106460000CE035480AE0354808E0354806E0354894
:1064700004E0354802E0354800E0254802BD000050
:106480000070FFEB0070FFEA38B584B00C00150017
:10649000002C01D12E4831E02068FFF791FF012840
:1064A00001D12B482AE02078800701D0284825E038
:1064B00068461021FCF7F2FD00980002000AA021B6
:1064C00049050143009120790099224A0A400002BF
:1064D000FF210902014011430091607900994C4A63
:1064E0000A400004FF210904014011430091206883
:1064F00001902900C9B26846FFF741FE05B030BDE2
:106500000000F1EF0080F8EF0080F8EDFFFFFF0FD3
:10651000FF005200010000F0010052000200520092
:106520000300520004005200050052000600520011
:106530000700520008005200090052000A005200F1
:106540000B0052000C0052000D0052000E005200D1
:106550000F005200FF00FFFF38B588B00C00150097
:10656000002C01D12E4851E06068002801D12C4850
:106570004CE02068FFF78CFE012808D02068616895
:1065800089004018401EFFF783FE012801D12448EE
:106590003CE068461021FCF781FD00980002000AEB
:1065A000A821890501430091206801906068401E80
:1065B00080B20299090C090408430290EDB2012D42
:1065C0001CD104A81021FCF769FD04A96846FFF757
:1065D00029FC0100C9B2012901D1104816E00100CF
:1065E000C9B2022901D10B4810E0C0B2042801D180
:1065F00009480BE00498FFF7F5FE07E06846FFF74F
:106600005FFC002801D0054800E0002009B030BD43
:10661000FFFF00FF10005200FF0052000400520074
:106620000F00520012422DD0994231D970B5002589
:106630001B4209D00C00002112E01100FDF727F9E0
:106640000A000021002370BD0942F6D00024012673
:1066500049186441944200D3A41A7641F8D331001A
:10666000012601E0764109D2001864416D41A41A67
:106670009D41F7D2A4185D41B619F5D33000220030
:106680002B0070BD1B42CFD108B503F0B7FE08BD8B
:1066900001D19042CAD202000B00002100207047B5
:1066A00000B5012031490A6852080240002A01D091
:1066B000022001E00968084000BD30480168080078
:1066C000C007C00F704700B50100FF20002909D0A6
:1066D000022907D22A4889004018001F01680800D3
:1066E000C007C00FC0B200BD000026480068810886
:1066F0000800C007C00F7047000010B5040020005C
:10670000C0B203280BD318221F492048FFF7BEFC54
:10671000D820C0001E4908600020FEF779FE1D4801
:10672000E4B2A10040580007000F10BD000010B5F2
:1067300004002000C0B203280AD3182212491348CB
:10674000FFF7A4FC1448124908600020FEF760FE21
:106750001048E4B2A100405800098007800F10BD26
:106760000E480068000EC0B2704700002415264095
:106770000A480068000AC0B2704700004015264071
:106780004016264010002740F8100210243B000855
:10679000C43B000840122640EE06000008102040CE
:1067A00010B504280AD20A0012B2521FFB2A05D3E0
:1067B0000A0012B2FF2316339A4201DB012024E0C3
:1067C0000A0012B2FF2A14DD224A8300D21813688D
:1067D0001F24A34309B2C906C90E194311601E49FB
:1067E0008000081801680722914304220A430260CE
:1067F0000AE0194A80001018026807239A4309B278
:106800004907490F11430160002010BD10B5040075
:10681000042C0BD3182211491148FFF737FCC9206B
:106820004000104908600020FEF7F2FD0A48A10070
:1068300040584007400F010009B2042907D105481C
:10684000A1004058C106C90E80204000084300B294
:1068500010BD000000012640001226405411021015
:10686000243B0008C43B00081F4909688A03920BB7
:106870000260090E0A00D207D20FC27118490968D6
:106880000A00D204D20C82800A00120CD2B2028119
:10689000090CC9B24181114909680F220B0013404C
:1068A00003730B091A4042730A0AD204D20CC28144
:1068B000090F8907890F01740A4909680A0A5207F2
:1068C000520F82710A00120CD205D20D4282890F3A
:1068D0000A00D207D20F0275704700003815264013
:1068E000341526403C15264030152640F1B58AB0B7
:1068F0000A98002802D00A98022801D30120BCE09F
:10690000A9480A9A92008018001F0068C00F00284A
:1069100009D1029102980068A4494018A44988420C
:1069200003D30120A9E00320A7E00298007A002801
:1069300001D0A04800E0A04802994968814204D3F0
:10694000029840689D49884201D3012095E01020BB
:106950000090002206AC00992000FCF78FFB029803
:10696000407A02287DD00020C04307000390012612
:1069700000E0761C132E74D20298007A002801D011
:10698000132527E0162525E07020A84267D302983A
:10699000006800212A00002303F032FD04AA03C28C
:1069A000083A04A803C832000023FFF73BFE02990F
:1069B000097A002901D0994900E09949884208D311
:1069C0000299097A002901D0954900E09549814250
:1069D00006D26D1C0298007A0028D5D03820D4E762
:1069E00004A803C800900191029840680021320079
:1069F000002303F005FD4008CA0710434908009A28
:106A0000019B801859410090019102984068002133
:106A10003200002303F0F4FC02000B0000980199FF
:106A2000FFF700FE0400022C00D20224112C00D338
:106A3000102404A803C8320062430023FFF7F2FDCC
:106A400002994968401A03F0F4FC07000398874252
:106A5000BFD20695079608940397002FB9D1002F4F
:106A600087D106A80299097A01730299497A41737C
:106A700006A90A9800F004F8C0B20BB0F0BD0000FF
:106A800070B5002801D0022801D3012068E08A688F
:106A9000921E0F2A01D3012062E04A68002A02D028
:106AA0004A68132A01D301205AE00A7B002A01D048
:106AB000132205E00A7B002A01D0132200E01622EF
:106AC0000B6893420DD30A7B002A01D0382205E0DF
:106AD0000A7B002A01D0382200E070220B689A421B
:106AE00001D201203CE0304A8300D3181B1F1B68F1
:106AF000DC0F002C01D0032032E04C7B022C20D094
:106B00000C786406640E7F25AB431C431F234E683C
:106B10001E40454D25403602F824640134402C4384
:106B20008D682B40414D25401C04F8235B03234016
:106B30002B430C7B3E4D1D40E3068024240523405F
:106B40002B43497B8907890F3A4C1C400B07C02116
:106B500089051940214380001018001F01600020A2
:106B600070BD00B502000120002A1AD0022A18D2F6
:106B7000314892008018001F00684206520E0A60D9
:106B80001F22030A13404B60030C1A408A60020F55
:106B90009207920F4A73C00E0200D207D20F0A73F7
:106BA0000020C0B200BD000000162640E025C3FF53
:106BB00041E0BF01E81FA20020BCBE0001688909B6
:106BC00070B5020001242000002A24D0022A22D21B
:106BD000521E15001848AA008018026880231B0660
:106BE000134303600E0003E00120FEF708FC761E4D
:106BF0001248A90040582040002803D1002E01D09F
:106C0000200000E00020C0B20028EDD1002E01D10C
:106C1000022000E00020C0B270BD000080FE210A0A
:106C200000C2EB0B0084D717FFE0FFFFFFFFE0FF80
:106C3000FFFFFFF7FFFFFFCF00162640401626405C
:106C400080B5010085481822FCF7F4FA0120844938
:106C50000870002002BD00B582490968C90F0029EB
:106C600007D07F490978002907D10021016003205E
:106C700000BD002101600320FAE77849096801603E
:106C80000020F5E710B50400FFF70AFD002803D146
:106C90000020206003200BE071480078002804D019
:106CA0006E4880682060002002E000202060032001
:106CB00010BD00B56A490978002904D067494968C0
:106CC0000160002002E000210160032000BD0000FF
:106CD00000B58D490968C90F002907D060490978B6
:106CE000002907D100210160032000BD00210160BF
:106CF0000320FAE75949C96801600020F5E7000060
:106D000000B582490968C90F002907D0544909789C
:106D1000002907D100210160032000BD002101608E
:106D20000320FAE74D49096901600020F5E70000FA
:106D300010B50400FFF7D9FC002803D10020206023
:106D400003200BE046480078002804D043484069FF
:106D50002060002002E000202060032010BD000021
:106D600010B50C00C0B2FFF751FD00280CD0401E3A
:106D70000ED0401E10D087214900401A10D0401E6E
:106D800012D0C01E14D017E02000FFF764FF16E0F9
:106D90002000FFF78EFF12E02000FFF773FF0EE0E8
:106DA0002000FFF795FF0AE02000FFF7C1FF06E093
:106DB0002000FFF7A5FF02E000202060032010BDA7
:106DC00080B501000020FFF7CBFF02BD80B5002297
:106DD0001300DBB2834202D20A60012003E0401CB0
:106DE000C0B2FFF7BDFF02BD30B587B004006846F2
:106DF000FFF7E6FF0100C9B2002903D0002121609E
:106E0000C0B228E001A8FFF72FFD01AD287C0228C1
:106E100003D10098206000201DE064480068C00F86
:106E2000002808D0FFF749FCC0B2002807D1002095
:106E3000206003200FE00098206000200BE0009805
:106E400001994843A988FCF722FDE979491CFCF720
:106E50001EFD2060002007B030BD00000C3B000884
:106E60009E3C00081815264078B585B005000C003A
:106E700069462800C0B2FFF7A9FF0100C9B2002986
:106E800003D000212160C0B23CE001A92800C0B2BB
:106E9000401CFFF766FE01A8407B022803D1009842
:106EA000206000202EE0002630002900C0B2C9B2C8
:106EB000884202D22660012024E02800C0B2401C93
:106EC000FFF701FC002801D0012000E03000C0B233
:106ED000002802D12660032014E03548EDB2A90055
:106EE0004058C00F00280BD00098019948430299E0
:106EF000FCF7CDFC0399FCF7CAFC2060002001E000
:106F00002660032006B070BD081526400C152640EB
:106F100010B50023421E0400E4B2002C03D1080087
:106F2000FFF762FF0CE01400DBB2E4B2A34204D32B
:106F30001000C0B2FFF798FF02E0C0B2FFF710FFE9
:106F400010BD38B504000D002000C0B2FFF7D5FB1E
:106F50006946C0B2FFF7DCFF0100C9B2002903D0C7
:106F600000212960C0B20FE02000C0B2FFF7DFFBB4
:106F7000C0B2002805D002280BD006D303280CD0BD
:106F80000FE000982860002032BD0098400828607B
:106F9000F9E7009880082860F5E70098C0082860A5
:106FA000F1E7002028600320EEE7000030152640BE
:106FB000001626401CB5040069460020FFF7C1FFFB
:106FC0000100C9B2002903D000212160C0B209E04C
:106FD000FFF7C6FB01000098C9B2491CFCF757FC3B
:106FE0002060002016BD1CB504006846FFF7E2FFD4
:106FF0000100C9B2002901D0C0B208E0FFF7B8FB18
:1070000001000098491CFCF742FC2060002016BDDE
:1070100080B5FFF7E8FF02BD30B501000022100087
:107020003C4B1B68002914D08C786407640F07253B
:10703000AB431C430B79002B01D00122FFE7630017
:107040005B08D2071A43344B0024095F89005A5069
:1070500000E02F4830BD00B5304A1368002B03D044
:10706000126800B28000115000BD2B4900B28000B0
:1070700008180168802212060A43026070472649F8
:10708000020012B292008A1813685B005B0813605A
:1070900000B280000858C00F704700B500B2002849
:1070A0000BD0022813D00DD304281AD014D30628ED
:1070B00021D01BD3072823D027E01948006880057A
:1070C000800D23E0174800688005800D1EE01648FB
:1070D00000688005800D19E0144800688005800D67
:1070E00014E0134800688005800D0FE01148006827
:1070F0008005800D0AE0104800688005800D05E0DD
:107100000E4800688005800D00E00D4800B200BD0B
:1071100001005600BC16021000802040AC1A000886
:107120000011204004112040081120400C11204083
:107130001011204014112040181120401C11204033
:10714000FF030000F8B501252A000B6E052B02D2C3
:107150004B6E052B01D31000D9E0002800D1D5E0FB
:10716000002900D1D2E06A4A12688B682B40694C32
:1071700014409B048022D202134023430322CE6892
:107180001640654C1C403304C027BF021F402743F4
:1071900007234E7C1E40614C3C403606E027FF042E
:1071A000374027430E7C5E4C3C40B6078027FF05E6
:1071B0003E4026430C7F0127BE432C4034433426F7
:1071C0008E5D0227BC43760002273E4026430660C0
:1071D0000C79E4B2060030360096009E3668FF2730
:1071E000BE433443009E34608C68002C02D10024DE
:1071F000846006E08C68012C02D10C68846000E099
:1072000085604C6904618C694461CC6A84610C6B53
:10721000C4610C680462434C246828254D5DEDB2BE
:10722000FF26B443254344240C5DE6B23E4C2C407B
:107230003604FF252D043540254354240C5DE4B26B
:107240002D022D0A26062E435C240C5DE7B2FF2496
:107250002402364D2E403F02274037434764344EC8
:1072600036684C27CF5DFFB20097FF27BE43009FD3
:1072700037433C268E5DF6B23D40360234402C4307
:1072800084642C4C25684C6A14400326B5432C4377
:107290008E6B1640284D2540B602C0242401344090
:1072A0002C430D6C15403026B4432E01302535405B
:1072B00025438C6C1440214E2E402502C024A4008E
:1072C0002C4034430D6D1540C026B443AE01C0259B
:1072D000354025438C6D22400C24A54394000C229C
:1072E00022402A43C264164A14680A6E1A400725CF
:1072F000AC4322434C6E23407024A2431C017023F4
:10730000234013434365096A816700221000F2BDE0
:10731000C0160210FFFFFBFFFFFFFCFFFFFFFFF89F
:10732000FFFFFFBFC4160210FFFF00FFFF00FFFFBB
:10733000C8160210CC160210FFF3FFFFFFFCFFFF80
:10734000D01602100168802212060A4302607047BC
:1073500001684900490801607047783001680122DE
:107360000A43026070477830016802220A430260D3
:107370007047C16F0800C007C00F7047C06F410859
:107380000800C007C00F7047010070310A68012370
:1073900013430B60006F7047010070310A680223CD
:1073A00013430B60006F7047D0218900405870472D
:1073B000C122920080180268FF239A43C9B2114388
:1073C00001607047C22189004058C005C00D704758
:1073D000C121890041180A6880235B0213430B60B6
:1073E000C121890041180A68BA4B13400B60C121C2
:1073F0008900405870479022920081507047822146
:1074000089004058C005C00D70478221890041584D
:1074100008000004C00F70478121890041180A68E4
:1074200080235B0213430B608121890041180A68A5
:10743000A84B13400B608121890040587047E02120
:10744000090140587047FC21090140587047B54A6E
:1074500081507047B44940587047FC221201815056
:10746000FC21090140587047B04A81507047B04A2A
:1074700081507047AF4940587047F822120181503F
:10748000F821090140587047F02109014058704720
:10749000A94A81507047A94940587047F02212010B
:1074A0008150F021090140587047F42109014058EA
:1074B0007047A34A81507047A24940587047F42250
:1074C00012018150F4210901405870479E4A8150B1
:1074D00070479E4940587047E82212018150E821C8
:1074E00009014058704700B50068800B8007800F85
:1074F000002801D1802000E0402000BD01000A6882
:10750000520052080A6000218166C16601000A68C3
:1075100080231B0613430B6000687047C12189005C
:107520004058C0B2704760300268F0239A43491E49
:107530000901F0230B401343036070476030026879
:107540000F239A43491E0907090F11430160704731
:10755000FEB57F4B7F4C24687F4D2D6800957F4D95
:107560002D687F4E3668854F3F680297002800D10E
:10757000ADE0002900D1AAE0002A00D1A7E00B7AF3
:10758000002B01D0012300E00023524F27401B04B1
:107590008024640223403B438C7A002C01D00124D8
:1075A00000E00024764F1F40230280246400234023
:1075B0003B43744C1C40744B234003604B7A002BBC
:1075C00001D0002400E00124009F704B3B40E40206
:1075D00080273F013C401C43009401230C681C4061
:1075E0000194009C6A4F2740BC46019CA407802759
:1075F000FF053C4067463C430F687F081F4064001E
:107600006408A446FC0767463C4304661F24A54360
:1076100007242C4380256D002C43C027BF00C45194
:107620000C79002C01D07F2400E00024C127BF008A
:10763000C4518C796400E4B2FF27BE433443CE7951
:107640007600F6B2534F27403604FF24240434401A
:107650003C43C426B6008451029E1F24A64307243F
:1076600034432543802464022C438025AD004451DB
:107670004C79002C01D0402400E01C008125AD0095
:1076800044510024444D44512F4D4451254D445103
:10769000274D4451284D44510D682B40002B02D0FA
:1076A000FF23D23300E02300254D435108791070A9
:1076B0004879507080204005506094605461146295
:1076C000D4631464D4621463546494642300180073
:1076D000FEBD0000FFFFFEFF30490160304901663A
:1076E00030490167FF220832C02189004250002141
:1076F000C1239B00C150C4239B00C15080239B0029
:10770000C250812292008150234A81500E4A8150FA
:10771000044A8150064A8150074A8150084A8150E4
:1077200070470000C80F0000CC0F0000C40F00001D
:10773000880F00008C0F0000080F00000C0F0000E5
:10774000480F00004C0F0000880E00008C0E000057
:107750000120AA00781602107C1602108016021072
:107760008416021002685200520802608020400510
:107770004860002088600862704700008816021088
:10778000FFFEFFFFFF3FFFFFFFFFFFFCFFF7FFFFD5
:10779000FFFFFFBFFFFF00FFC80E00000F00000348
:1077A000883F000013102A00F1B584B00020049B2C
:1077B0001B6E1C006400E40F002C05D0049B1B6EA4
:1077C000DC0F0123634000E000230092DBB2002BBA
:1077D0000FD00099049800F093F80499C022920009
:1077E00089180A68814B13400B608249049A11671B
:1077F00084E0009A002A00D180E00C00002C7DD0AB
:10780000FA25AD0000982900FCF741F8019020000E
:107810002900FCF73CF8029077480099FCF737F80C
:1078200006007648844202D2754F3D000BE0754851
:10783000844204D2C825ED00E127BF0003E09B2568
:10784000AD00BE277F0028003100FCF720F80400BF
:1078500000E0641C30006043A84201D2102CF8D331
:1078600038003100FCF713F8050000E06D1C300013
:107870006843B84201D2102DF8D301986119FCF782
:1078800006F800260DE0102C06D2641C04E0F00778
:10789000F9D5102D00D26D1C761C01986119FBF7EB
:1078A000F6FF0299814202D261192029EFD355498E
:1078B00088420CD30498C0218900401801688022B6
:1078C00092000A4302605048049908670AE004984D
:1078D000C021890040180168444A0A4002604548B6
:1078E0000499086721000498FFF71DFE29000498F9
:1078F000FFF724FE00986119FBF7C9FF05B0F0BD42
:1079000000B502000800116E0B005B00DB0F002BBE
:1079100004D0116ECB0F0121594000E00021C9B203
:10792000002916D039494118394A914201D23948C3
:1079300019E039494118394A914201D2384812E0D8
:10794000384940183849884201D238480BE00020B5
:1079500009E0116E0F2309091940126E1340C9186E
:10796000891CFBF794FF00BD70B50C0015001E00CC
:10797000002C01D1002D01D0002C01D0012000E00D
:107980000020C0B200280AD1182229492948FEF750
:107990007DFB2948294908600020FDF739FDB462C4
:1079A00035630020F062706370BD70B50C00150087
:1079B0001E00002C01D1002D01D0002C01D001208F
:1079C00000E00020C0B200280AD118221849194846
:1079D000FEF75CFB1A48194908600020FDF718FD06
:1079E000B46335640020F06370BD0000FFFDFFFF4D
:1079F000C86B704713102A0000CA9A3BA186010089
:107A000088130000811A060003002A0020AD88FFB9
:107A1000415B7300801A06005059E8FF51A9AB0082
:107A2000A0860100004D0EFF41555C0440420F004E
:107A300090120210243B000803030000C43B00081E
:107A4000B6030000FEB504000F001600A44D00218F
:107A50002000FFF72EFD08984068802149058842E4
:107A60003ED10298FA218900484300909D48089928
:107A70004860012E01D1012000E0002008994873E0
:107A8000FF2118312000FFF709FD04212000FFF736
:107A9000E4FC2000FFF7C0FC7800FE2101400E430B
:107AA00031002000FFF7A7FC002002210143A1665E
:107AB0002000FFF7E9FCFF26083606402000FFF70C
:107AC000F4FCC02505403543684600F066FD2843B8
:107AD0000028EDD0089A0100200000F071FD05009B
:107AE000FF21D2312000FFF7E4FC2800FEBD7CB569
:107AF0000C00069D7A496E68F6023CD51100FA2208
:107B0000920053430093774A6A60012901D101230F
:107B100000E00023220004006B73002001231843BF
:107B2000666E760933400826B043DB0008263340F2
:107B30000343A3665000FE22024011432000FFF7DA
:107B40005AFC2000FFF7A0FCFF2608360640200064
:107B5000FFF7ABFCC021014031430E00684600F046
:107B60001CFD310008430028EBD02A000100200052
:107B700000F026FD0100080076BD7CB5040015006C
:107B800057486A68D2021AD5FA2080004143009112
:107B900000201021014308200843A0662000FFF7C1
:107BA00073FCFF2612360640684600F0F6FC3043B0
:107BB0000028F3D02A000100200000F001FD76BD6E
:107BC0007CB50400150046486A68D2021AD5FA202E
:107BD00080004143009120006830016810220A4370
:107BE00002602000FFF750FCFF2612360640684670
:107BF00000F0D3FC30430028F3D02A00010020001D
:107C000000F0DEFC76BD0000F3B581B00400170083
:107C100033480899496888225203914236D1FA20A4
:107C20008000434300932000FFF72EFCFF25AD1C8E
:107C300005402000FFF707FC80080100C907C90FB5
:107C400001264E40684600F0A8FC2843050030009D
:107C5000C0B2002801D0002DE5D0F6B2002E07D129
:107C60002000FFF7A1FB387005212000FFF7F5FB8E
:107C7000089A2900200000F0A3FC002806D10299F0
:107C8000012903D1002104220A43A266FEBD7CB56E
:107C90000C001D0012496B68A0267603B3421BD16D
:107CA00021000400FA20800042430092C9B2200063
:107CB000FFF7A1FB2000FFF7E7FBFF260836064091
:107CC000684600F06AFC30430028F3D02A00010027
:107CD000200000F075FC0100080076BD00000000E7
:107CE0000220AA000000131080B54A68D20202D513
:107CF00000F05AFA01E000F001F801BDF8B5040007
:107D00000F0001262000FFF7E4FB3040002803D0DD
:107D100001212000FFF7E0FB2000FFF7CDFB05006D
:107D2000FF20801C284000280FD080204000054202
:107D300000D18020396A0843386200212000FFF713
:107D400086FB28001025054311E0E8060FD520002A
:107D5000FFF738FB00280AD0386C002807D0012133
:107D60002000FFF781FB01212000FFF770FB2000BE
:107D7000FFF770FB0640002E07D03900200000F00E
:107D8000CEF801212000FFF768FBE8060BD539008B
:107D9000200000F098F910212000FFF790FB200050
:107DA000FFF78AFB0500C020284000280BD03900CF
:107DB000200000F018F801212000FFF78DFBC02102
:107DC0002000FFF77CFB2000FFF754FB412101401E
:107DD000002907D03900200000F0F8F80121200028
:107DE000FFF74BFBF1BDF8B506000C0001252F0095
:107DF000A06C002835D000213068000C28400028F5
:107E000006D03000FFF758FB01004906C90F4900B2
:107E1000306EC00A2840002808D100913000FFF7DA
:107E20004BFB01000906C90F00980143002918D037
:107E30000800A16C8847070001213000FFF70DFB07
:107E4000012F09D110213000FFF739FBFF21D2317A
:107E50003000FFF72EFB04E0FF21C2313000FFF7B6
:107E600035FB3000FFF7D8FAF766012F56D1706E58
:107E700000090700FF07FF0F606C002808D03800DA
:107E8000C0B2002801D0280000E00220616C8847C1
:107E9000FFB2002F0ED0C2486060206A0543256201
:107EA000606BE06200202421605401213000FFF764
:107EB000DEFA33E00025BB486060206A10210143F0
:107EC000216201213000FFF7C2FA2078002821D07A
:107ED000206C00281ED030006030016880229201A2
:107EE0000A430260206C812807D3256C803D812DD8
:107EF00001D33F250EE06D1E0CE0256C6D1E300099
:107F000060300168802212020A43026000213000C2
:107F1000FFF79DFA29003000FFF74AFAF1BD38B5A6
:107F200005000C00206C002847D02078002833D0B2
:107F30002800FFF7F3FA0200521CA16B2800FCF79F
:107F40007FF8E16B0918E163216C091A2164A16BC8
:107F50000818A063206C812807D3246C803C812CF6
:107F600001D34024FFE7641E11E02800603001685F
:107F7000802212020A430260206C002801D10024F2
:107F800001E0246C641E00212800FFF760FA210044
:107F90002800FFF70DFA18E0002001210143E966EF
:107FA0002800FFF701FAA16BE26B8854E06B401CDC
:107FB000E063206C401E206407E0002002210143A2
:107FC000E96600212800FFF742FA31BD70B50500CF
:107FD0000C002420205C002814D1206B002811D133
:107FE000606C002802D00820616C8847206B002854
:107FF00001D1012000E0002024216054012128004B
:10800000FFF735FA2420205C002814D0607800287F
:1080100004D02800FFF767FA020000E00122FF21E8
:108020002800FCF778F8E16A0818E062206A082165
:108030000143216246E0206B022813D360780028B8
:1080400002D0226B521E00E00122A16A2800FCF738
:1080500028F8E16A0918E162216B091A2163A16A13
:108060000818A0622800FFF7CAF980282AD0206BE0
:10807000012827D100F064FD0600A06A01782800DD
:10808000FFF7B9F940212800FFF7F7F9300000F0B9
:108090005BFDE06A401CE06200202063A06A401C97
:1080A000A06240212800FFF7E2F96078002809D09B
:1080B000206A022101432162606C002802D0042062
:1080C000616C884770BD70B504000D006868354963
:1080D00088422AD12000FFF775F900280DD0286AC0
:1080E0004021014329622878002803D02000FFF7AF
:1080F0006FF902E02000FFF757F920200600296AF7
:1081000008432862286A102188432862206E984913
:10811000014098480840206600212000FFF797F9A9
:1081200001212000FFF799F922E02000FFF767F90D
:1081300006002000FFF769F93018E96A091A696337
:108140002021695C090706D4296B09182963A96AEB
:1081500042428818A8621026286A04210143296235
:10816000286A01218843286200212000FFF77FF957
:108170002000FFF7A1F9FF21891C0140002905D04B
:108180002000FFF7BBF93000402606438020400561
:108190006860686C002802D03000696C884770BD48
:1081A0000210000001100000F8B507000C003800B4
:1081B000FFF771F906003800FFF741F905000220CA
:1081C00005420CD0B96E002906D00021B966A1681D
:1081D000802252040A43A260C02149036160E9077A
:1081E0003ED571073CD404218D433040002821D076
:1081F00002213800FFF752F93800FFF745F9400730
:1082000002D48020400301E080208003A16808435D
:10821000A0606068B821490388420BD0B0204003B9
:108220006168814206D0217B002902D0C020400332
:10823000FFE76060FF2012303040002810D0F005CA
:1082400004D5A068802109040143A160F00704D58A
:10825000A0688021C9030143A160C0204003606081
:10826000280707D52100380000F021F80121380047
:10827000FFF7F3F8680707D52100380000F07CF815
:1082800001213800FFF7F9F86068C02149038842EE
:1082900003D12100380000F0D6F86068B02149030E
:1082A000884203D12100380000F054F9F1BD38B5FF
:1082B00005000C00606888214903884204D09021A1
:1082C0004903884220D052E02800FFF76DF8216969
:1082D00008706069401C6061A069401EA061A069CF
:1082E000002807D02069401C2061002004210143A0
:1082F000A96608E0207B002802D0C020400301E0EE
:10830000B0204003606032E0A26921692800FBF7D9
:1083100097FE616909186161A169091AA161216962
:1083200008182061A069022816D2286E88490140E9
:108330002966A069012807D100212800FFF738F835
:1083400088204003606011E000212800FFF77FF8DB
:10835000B0204003606009E0A069412802D2A16911
:10836000891E00E03F212800FFF722F8FFE731BD1A
:10837000FFDFFFFFFF7FFFFFF8B50C00A8256D03AF
:108380006168A94203D1C020400360605AE061687F
:10839000A0225203914255D10700A069022813D3AD
:1083A0006078002802D0A269521E00E001222169F3
:1083B0003800FBF776FE616909186161A169091A45
:1083C000A1612169081820613800FFF718F880289A
:1083D00016D0A069012813D100F0B2FB0600206975
:1083E00001783800FFF707F840213800FFF745F81B
:1083F000300000F0A9FB6069401C60610020A061B2
:10840000A06900281ED1207B002805D0402138001B
:10841000FFF72DF8656006E000213800FFF727F828
:10842000B02040036060607800280BD0A0688021F5
:1084300089020143A160606C002803D080204002C3
:10844000616C8847F1BDF8B504000D002000FFF70E
:1084500022F80600206E3E490140216600212000DE
:10846000FEF7F5FF00212000FFF701F800212000B2
:10847000FFF70EF8FF2118312000FFF70FF8A8686A
:108480007E490140A960687B002802D06869E861E4
:108490000AE02000FEF7B3FF07002000FEF7B5FF5B
:1084A0006969C91B081AE861FF20801C3040002858
:1084B00023D001200100226E920F0240002A02D038
:1084C000226ED20F00E00022D2B2002A0BD0710738
:1084D00001D5010002E03100C905C90F002901D012
:1084E000010000E00021C9B2002902D02000FFF7FE
:1084F00005F880204005686011E02878002806D043
:108500002000FEF765FF01212000FEF7A6FF287B73
:10851000002801D05A4801E0802040056860686C5E
:10852000002814D0687B002802D08021C90201E015
:1085300080218902A868F82252040240002A02D051
:108540008020000300E000200843696C8847F1BDEB
:10855000FFFEFFFF38B504000D0000212000FEF7EC
:1085600076FF00212000FEF782FFA06E002805D0D4
:10857000FF2118312000FEF78BFF0DE0FF211431A1
:108580002000FEF785FF002010210143082008434A
:10859000A066B8204003686031BD38B504000025EE
:1085A000206800280AD00120FCF729FF2068401E1F
:1085B00020602068002801D180252D06280032BDCA
:1085C00070B5150000231A002E4C002901D5012298
:1085D00045E0C0260E40002E08D0816E00293ED016
:1085E000294C836680214905696038E0CC0502D5B5
:1085F000264C012233E00126314211D0244C696817
:10860000244A91420AD1016E890F0B00DB07DB0F70
:1086100001225A4080214905696020E032001EE0B5
:108620008C0707D569681B4B994201D11A4C16E09B
:108630001A4C14E0C90604D51C0080214905696064
:108640000DE01C006968134B994208D1697B002931
:1086500002D08821490301E0A02149036960D2B218
:10866000002A05D0FEF74AFF80204005686003E03D
:10867000FF211831FEF712FF200070BDFFFFFEFF43
:10868000000010100320AA000820AA000720AA005A
:108690000620AA00000013100420AA000520AA004A
:1086A000D021890040587047C1229200801802688A
:1086B000FF239A43C9B2114301607047C221890068
:1086C0004058C005C00D7047822189004058C00540
:1086D000C00D7047FC2212018150FC210901405855
:1086E0007047F82212018150F82109014058704763
:1086F00000B50068800B8007800F002801D1802022
:1087000000E0402000BD00B5C02189004058C006EF
:10871000C00E082801D2012000E00020C0B200BD38
:1087200000B5802189004058C006C00E082801D23B
:10873000012000E00020C0B200BD80B5FFF7B0FF0F
:1087400002BD70B504000126854AA2583240002AB5
:1087500008D0EC221201A218136833431360EC22F4
:108760001201A2580D007F496158C90A3140002901
:108770000DD00720296831432960F42109016118CF
:108780000A68794B13400B60F4210901615877495D
:1087900061584909314000290ED00720296802227A
:1087A0000A432A60FC21090161180A6820239A43C0
:1087B0000A60FC21090161586D49615889093140FD
:1087C00000290ED00720296804220A432A60F821D4
:1087D000090161180A6840239A430A60F8210901D7
:1087E00061580100C9B2002905D0E969002902D009
:1087F000C0B2E96988475D4820583040002807D05A
:108800002900200000F026F801212000FFF762FF78
:10881000574820583040002807D02900200000F099
:108820005FF801212000FFF75CFF28680640002E5A
:108830000FD0A86800280CD16869002809D12868E1
:10884000012188432860E869002802D00220E969F4
:10885000884770BDF8B506000D003000FFF72EFF09
:108860000400A868A04200D2AC68E8680019E8607B
:10887000A868001BA860686800280ED06F682200F6
:1088800069683000FBF7BDFB3000FFF73CFF0028B4
:1088900000D164003819686003E02100300000F066
:1088A0006FF8A868002806D1324830180168012204
:1088B0009143016013E0306AC00F002803D03000FC
:1088C000FFF716FF03E03000FFF712FF4008A9682A
:1088D000814204D2A968491E3000FFF7E5FEF1BDD0
:1088E000F8B506000D003000FFF702FF040030006D
:1088F000FFF7EAFE241A6869A04200D26C69A869F1
:108900000019A8616869001B6861286900280ED0F9
:108910002F69220029693000FBF7A4FB3000FFF724
:10892000FFFE002800D164003819286104E022000D
:1089300011493000FBF7E2FB686900280FD1286875
:108940000221014329600D4830180168012291433A
:108950000160E869002802D00120E9698847F1BD7B
:10896000CC0E00004C0F0000FFF7FFFFCC0F000003
:108970008C0F0000C80F0000FFFF0000880F0000F0
:1089800038B505000C0003E02800FFF7D6FE641E92
:10899000002CF9D131BDA00070B55F4BC018C009E3
:1089A00000015E4BC31804290CD21F251C68CE00A1
:1089B0002800B0408443D2B21540C800854025430A
:1089C0001D600CE0FC311F255C68CE002800B04023
:1089D0008443D2B21540C800854025435D6070BD18
:1089E00000B5002A03D101228A40426002E0012240
:1089F0008A40826000BD30B403008C000F25596CA2
:108A00002800A04081431540A5400D435D6430BC63
:108A1000704730B4030001259C6C280088408443D3
:108A200015408D4025439D6430BC704730B4030031
:108A30000125DC6C28008840844315408D40254387
:108A4000DD6430BC704730B403004C0010340325A3
:108A5000D96C2800A04081431540A5400D43DD643A
:108A600030BC7047426901228A40426140697047C8
:108A700030B4030001259C692800884084431540D8
:108A80008D4025439D6130BC704730B403004C00DD
:108A90000325196C2800A04081431540A5400D43D3
:108AA0001D6430BC7047F8B504000025002C30D0A0
:108AB0001600002E2DD00F00326839002000FFF77D
:108AC0008FFF327A39002000FFF766FF72693900A4
:108AD0002000FFF79EFFB26939002000FFF7A6FFD4
:108AE000F26939002000FFF7AEFF726839002000FC
:108AF000FFF781FFF26839002000FFF7C6FF390059
:108B00002000FFF7AFFF326939002000FFF7B0FF08
:108B100000E0034D2800F2BD0000CFBF0000304050
:108B200001005A00000000000000000000000000EA
:108B3000801C800803D0401C801EFCD100BF704701
:108B4000EFF3108072B6704780F310887047E80327
:108B50000100202008437047FDB5B2B03A98049157
:108B600002A93B22885400200D9027A8401C319078
:108B70000DE00498329A90470490002801D100F04B
:108B8000B0FE0D98401C0D903398401C33903398E4
:108B90000178002910D02529EBD1002007900890FA
:108BA00009900A900B900C9000210224012014904F
:108BB00008201290339D05E00D9800F094FE080007
:108BC000149901436D1C28782028F8D023280BD055
:108BD0002B2804D02D2804D0302808D00AE02143C7
:108BE000F0E708000421ECE708000821E9E70800A5
:108BF0001021E6E72A280FD1349802681068121D68
:108C0000349B1A600F90002804D542420F9208004E
:108C1000042101436D1C12E000200F90644A09E01A
:108C20000F9B934205DA9E00F3185B00181830384A
:108C30000F906D1C28780300303B0A2BF0D3287866
:108C40002E2803D00020C0430E9027E06D1C28780A
:108C50002A2808D1349800680268001D349B1860E7
:108C60000E926D1C1AE02D2802D12D226D1C00E001
:108C7000002200200E900CE0002A09D10E9B4C4EE1
:108C8000B34205DA9E00F3185B00181830380E90D6
:108C90006D1C28780300303B0A2BEDD302A8018716
:108CA0002E78310040487844FF30401E01F0C6FB6A
:108CB000002801D06D1C00E0002602A83A2146548D
:108CC000405C682804D1287868280BD1622005E030
:108CD0006C2807D128786C2804D1712002A93A2287
:108CE00088546D1C18A80690287869460870681C7E
:108CF0003390684605782800253833D01C3800D1D9
:108D0000CCE1001F022800D8C8E1133801D100F0DF
:108D100012FD093800D1C1E1801E01D100F0A8FD8B
:108D2000401E01D100F055FD401E022800D8B5E1DB
:108D3000001F01D100F04DFD401F00D108E1401E91
:108D400001D100F0F8FC401E00D1F0E0C01E0ED0B2
:108D5000801E01D100F0EFFCC01E01D100F0EBFC41
:108D600000F091FD14980790252018A97CE1349813
:108D700000680468001D349908600594002C00D038
:108D8000C1E002A83B21405C002800D1B5E00024EE
:108D9000E44306487844143001F05AFB201A01D00D
:108DA00000F09FFD00F07CFD14820000488200006E
:108DB000CBCCCC0C01236A4602A9280000F04EFE61
:108DC000002801D000F08DFD641EF3D13295079D7F
:108DD00018AC002D0FD0329E21780498B047049033
:108DE000002801D100F07DFD0D98401C0D90641C01
:108DF0006D1EF1D132963020694608700A9C002C15
:108E00000DDD329D01236A4602A9280000F026FEEE
:108E1000002801D000F065FD641EF3D13295059C59
:108E2000089D002D0FD0329E21780498B047049001
:108E3000002801D100F055FD0D98401C0D90641CD8
:108E40006D1EF1D13296302769460F700B9C002CB5
:108E50000DDD329D01236A4602A9280000F0FEFDC7
:108E6000002801D000F03DFD641EF3D13295059835
:108E700008994418099D002D0FD0329E217804983E
:108E8000B0470490002801D100F02BFD0D98401C44
:108E90000D90641C6D1EF1D13296684607700C9CD3
:108EA000002C0DDD329D01236A4602A9280000F046
:108EB000D5FD002801D000F014FD641EF3D13295D9
:108EC00002A83821405C400700D460E620206946B3
:108ED00008700198002800DC59E6019C329D0123AE
:108EE0006A4602A9280000F0B9FD002801D000F070
:108EF000F8FC641EF3D1329549E61B48784468308B
:108F0000059000F0CDFC0E9D002D03D5200001F052
:108F1000C3FA09E02A000021200001F0C5FA002868
:108F200001D0001B00E02800089000F0B9FC349844
:108F300000680268001D349908600020C0430021C9
:108F4000104002AA03C218A80590782100F08CFCFA
:108F500002A83B21415C002908D00024E4434B488F
:108F60007844FF30293017E7A88000003A21405CA0
:108F700062286AD0682819D06A2845D06C2806D0A3
:108F800071284FD0742831D07A2821D06FE03498DE
:108F900000680168001D349A106000297AD100240D
:108FA000E4433B487844FF301738F5E634980068CE
:108FB0000168001D349A1060002905D10024E443A3
:108FC00033487844CA30E7E60D98088000F068FC22
:108FD000349800680168001D349A1060002959D146
:108FE0000024E4432A487844A630D5E63498006843
:108FF0000168001D349A106000294BD10024E4431D
:10900000234878448A30C7E6349800680268001D17
:1090100034990860002A13D10024E4431C487844A2
:109020006E30B9E6349800680268001D3499086013
:10903000002A05D10024E443154878445230ABE6B9
:109040000D98C11703C200F02BFC3498006801682A
:10905000001D349A1060002905D10024E4430C4817
:1090600078442C3098E60D98087000F019FC34987C
:1090700000680168001D349A106000290AD100249C
:10908000E44303487844083086E600BF387F000098
:109090004C7F00000D98086000F002FC34980068D6
:1090A000C21D072082433498026003CA349B1A60B1
:1090B00002AA03C22022C80F04D007982D2118AAA3
:1090C00011540DE002A8008F204204D007982B21F4
:1090D00018AA115404E0C00704D5079818A90A5427
:1090E000401C079018A8079940181390059027ACCA
:1090F00002A803C816AA03C26846007820210143CB
:1091000068464170612909D00E98002801D50620D3
:1091100003E003D1672901D114980E9002A803C877
:109120000F0006187F417E15FF17BAA20CCA9F4296
:1091300012D1964210D10903020D114300030029F8
:1091400001D1002808D003200890613D1A2D19D3C1
:10915000244979448E3110E002A803C80800410078
:109160004915994212D1000310D103200890613DA6
:109170001A2D21D31C4979446E3103221398FAF732
:1091800073F88DE3194979446231F6E701AA02A820
:1091900003C801F094F902AA03C268464078612826
:1091A00013D1059830210170811C05916946097819
:1091B000612905D1782104E00D4979443231DCE799
:1091C000582141700798801C079002A803C8C2A2CA
:1091D0000CCA02400B400DD1002A0BD100270025FC
:1091E0005EE100BF347E0000387E0000287E000073
:1091F0002C7E000068464078612800D095E00E98EB
:10920000002801D5212000E0401C1390139F7F1CF3
:1092100016A803C80022002301F066F902A830C88E
:1092200002D28020000645400198001F019027A926
:109230000A7027A8461C002F31DD200029000022DB
:1092400080235B0301F069F929D81C2201F07EF923
:1092500004000D0001F0B2F91590FF1F002F09DD89
:1092600001F0E6F902000B002000290001F047FAA6
:1092700004000D00F01D0721159A002A0ADD491E81
:1092800008D4401E13071B0F03701211F5E7401E90
:1092900000220270491EFAD5C61D002FCDDC27A979
:1092A0003198321A27A8441C1398824200DC10001F
:1092B000002833D4904205DA4A1C125C082A01DBEC
:1092C0000F2200E00022030027ADED1801E0401E50
:1092D0006D1E5B1E2E789642F9D00F2A04D14A1CCF
:1092E000D25C521C491CCA54002B04D527AC401C2C
:1092F0000199091D0191421E10D4A31869460978ED
:109300001D783035EEB23A2E01DB4D19C6351D7091
:10931000521E5B1E002AF3D56A4611700E99002971
:1093200000D4BBE0411E0E91B8E016A830C86D0015
:109330006D080198644948436449FAF7A5FA019019
:1093400007200199401A002805DD020020002900AD
:1093500000F05DFB0AE0424200205D4900F057FB4F
:1093600002000B002000290001F040FA6A46527802
:10937000662A02D1019A0A3200E006220E9B9A1850
:10938000142A00DD142227AB30241C705C1C02E080
:1093900016A803C8139A002A40DD16AB03C3139224
:1093A00016A803C801F01CF91590064608340425D8
:1093B00030000A21FAF76BFA0F0030000A21FAF7A1
:1093C00066FA06003037601E077030000A21FAF78F
:1093D0005EFA0F0030000A21FAF759FA0600A41EBF
:1093E000303727706D1EE3D1083413980838139076
:1093F0000028CDDD159801F00BF902000B0016A82E
:1094000003C801F07CF90022324B01F050FA16AA91
:1094100003C2C5E7FFFFFFFFFFFFFFFF3198211ADF
:1094200027A8441C04E0491E0198401E0190641CBA
:1094300020783028F7D068464078662802D1019815
:10944000401C06E068464078652801D1149800E089
:1094500000200E9A1018814200DA481E00281DD400
:10946000884204DA215C342901DD392200E030220F
:109470000300611ECD1801E0401E6D1E5B1E2E789C
:109480009642F9D0392A02D1E25C521CE254002BF8
:1094900004D50C00401C0199491C0191019D070055
:1094A0001394684606780E9C38B2002804DC149F9A
:1094B000044878440E3013906846407866280FD1EF
:1094C0006D1C27E0607B000097750000A0860100FE
:1094D0000000F03F84D79741FFFFFFFFFFFFFF7FB2
:1094E00068464078672845D128B20321C94388429D
:1094F00044DBA04242DA6D1C02A8008F1299C0B270
:10950000084203D138B2A04200DC040028B2241A79
:1095100000D500242EB2002E00DDA9E00898411CE1
:1095200008913021059A1154002C05DC02A8008F07
:109530001299C0B2084205D00898411C08912E210A
:10954000059A11547042844200DA65422DB2684295
:109550000B90641938B2844200DA27003FB20997B1
:109560003A0013990598089BC018F9F77DFEE01B97
:109570000C90C8E0612E14D1702615E038B2A042DC
:1095800006DA02A9098F129AC9B2114200D1040069
:10959000641E00D50024672E01D1652604E045260F
:1095A00002E0412E00D150260898411C08911399E1
:1095B0000978059A11541398411C002C05DC02A867
:1095C000008F129AC0B2104218D00898421C08921C
:1095D0002E22059B1A54002C10DD7F1E38B28442C7
:1095E00000DA27003AB20598089BC018F9F73CFE4C
:1095F0003FB20898C0190890E01B0B900598089995
:109600004018067029B2002903D42B214170871C11
:1096100003E02D224270871C4D42002412A928002D
:109620000D0005E00A21FAF72FF92970641C6D1C62
:1096300000B20028F6DC012C06DC2020304365282F
:1096400002D1302038707F1C002C09D130203870B6
:109650007F1C07E0641E12A8005D303038707F1C4C
:10966000002CF7DC059808994018381A09904AE050
:1096700038B229B288421CDA3AB213990598089B8D
:10968000C018F9F7F1FD3FB20898C0190890F11B16
:109690000B91002C05DC02A9098F129AC9B2114264
:1096A00005D02E21059A11540998401C09900C945C
:1096B00029E02AB213990598089BC018F9F7D4FD40
:1096C0000898801908907D1B002C05DC02A9098FE1
:1096D000129AC9B2114204D0411C08912E21059A58
:1096E000115428B2844200DA25002AB21398811955
:1096F0000598089BC018F9F7B7FD2DB208984019D6
:109700000890601B0B9002A83821405C1421014096
:10971000102900D0C4E00798089940180B99401808
:10972000099940180C9940180F99884200DBB7E05E
:10973000081A0A90B4E002AA3A20105C622808D005
:1097400068280ED06A2814D06C281DD0712810D03B
:109750001AE0349801680868091D349B1960C0B28A
:1097600018E0349801680868091D349B196080B2BC
:1097700010E034980068C31D0720834334980360C9
:1097800003CB349C236006E0349801680868091D07
:10979000349B1960002102AB03C3108F1299C0B231
:1097A00008425BD002A803C8002901D1002855D087
:1097B000684600782021014378294FD1079818A9DD
:1097C00030220A54401C421C07926A4612780A54FE
:1097D00044E002AA3A20105C622808D068280ED023
:1097E0006A2814D06C281DD0712810D01AE0349843
:1097F00001680868091D349B196040B218E034986C
:1098000001680868091D349B196000B210E03498A3
:109810000068C31D072083433498036003CB349D45
:109820002B6006E0349801680868091D349B1960B4
:10983000C11702AB03C3002902DA07982D2109E002
:10984000108F204202D007982B2103E0C00705D5D6
:109850000798202118AA1154401C079018A80799AE
:10986000401805906846017802A800F03EF817E01D
:1098700014980790349800680168001D349A1060AD
:1098800018A801700CE014980790252018A90870FA
:1098900068460078002803D007946846007848702E
:1098A0000F980799401A0A99401A0899401A0B997B
:1098B000401A0999401A0C99401A019002A83821BF
:1098C000405C400701D5FFF782FA20206946087006
:1098D0000198002801DCFFF77AFA019C329DFFF71E
:1098E00069FA0020C04335B0F0BDF2B586B004007F
:1098F00025696F2901D1082707E00846FFF728F9F5
:10990000782801D00A2700E010273C2603CC083C29
:1099100004AA03C26A46127E642A03D06A46127EF3
:10992000692A09D1002907DA04A803C80022002304
:10993000121A8B4104A80CC004A803C800290DD139
:1099400000280BD1206B002808D1082F3DD13820EA
:10995000205C000739D53B26302035E00294009585
:1099600004A830C8761E0196200029003A00FB1793
:10997000FCF758FE3032D0B23A280DDA0098825502
:10998000200029003A00FB17FCF74CFE04000D00F4
:1099900007D1002C05D10AE06846007E8218AF325C
:1099A000ECE70298C068009989198842DAD3029CD2
:1099B000009D082F09D13820205C000705D5A85D3F
:1099C000302802D0761E3020A8553C20801BA06194
:1099D000A919E160216B884206DA081A2062208FFB
:1099E0001C490140218710E000290ED53821615C17
:1099F00014220A40102A08D1616B6269891A226A0E
:109A0000891A081A002800DD206207B0F0BDF8B5F9
:109A10000026114F04000D00009214E0C00707D586
:109A200032003B002000290000F041FF04000D003F
:109A30000098401000903000390032003B0000F0E8
:109A400036FF06000F0000980028E7D1200029000B
:109A5000F4BD0000EFFF000000002440F8B5002432
:109A6000002B11D007000E0014001D002178B068F3
:109A7000B847B060002809D0F06A401CF0620020AE
:109A8000641C6D1EF2D104002000F2BD0020C04312
:109A9000F9E700B5FEE74030016810220A43026092
:109AA00070474030016808220A430260704708028C
:109AB000C22189004058C005C00D7047822189002D
:109AC0004058C005C00D70470168802212060A4345
:109AD000026070475164704738B5040000252800C3
:109AE00028002000C0B2FAF737FC002808D09E49B1
:109AF000E4B2582254430D19286029000C318160CA
:109B0000280032BD70B504000D000020AE683100A1
:109B10002000FAF7B2FC012813D1B74908002879D0
:109B20000A2807D0282803D0642804D1B34902E0CA
:109B3000B34900E0FFE732002068FDF735FE012061
:109B400000E00420C0B270BDFEB505000C0000208E
:109B50000100AC496946AC4AC8CAC8C10C3A0C39C4
:109B6000A17800916946E2788A71E278CA712E681C
:109B7000A278012A02D10120487200E048723068C0
:109B8000FDF7AAFD2A000C3269463068FDF7E0FCBB
:109B9000002804D121003000FFF7B4FF00E00420CA
:109BA000C0B2FEBD3EB504000B0000210800080055
:109BB000964803C86D4603C5083DE4B2002C03D1A6
:109BC0000E206946887002E01220694688701400F1
:109BD00018006946C0B2FAF758FF05006946200030
:109BE000C0B2FAF752FFEDB2012D04D1C0B2012884
:109BF00001D1012000E00420C0B23EBDF2B582B028
:109C00000400804D206800282FD001920198002880
:109C10000ED100273E0000E0761CA068864215D2D7
:109C200020680068FFF74AFF0028F5D13D000DE0ED
:109C300000273E0000E0761CA068864206D220681D
:109C40000068FFF735FF0028F5D13D00002D0CD14D
:109C50006846017A20000C300090A368019AC9B2CE
:109C600020680068FDF7EEFE05002800FEBDFBB58C
:109C700082B01400002739006A461170614E31002D
:109C8000C0B2FFF729FF0500002D66D001940198AE
:109C9000002862D0049800285FD000220198017843
:109CA0002800FFF7ABFF040004980460002C50D19B
:109CB0006846007B0100C9B2042909D12B000C338E
:109CC000AA680198417828680068FDF7E0FF14E071
:109CD000C0B2082811D12B000C33AA6801988178F2
:109CE00028680068FDF7D3FF2B000C33AA680198A1
:109CF000C17828680068FDF7CAFF3E0000E0761CC6
:109D000030000199097AC0B2884210D22B000C337E
:109D1000AA68019840683100C9B2415C28680068AF
:109D2000FDF7B5FF0400002CE9D004980460002C76
:109D300015D12A000C32A96828680068FDF740FF99
:109D4000002803D101206946087008E004990860E2
:109D500005E07C480499086001E0049806606846C4
:109D6000007805B0F0BD0000BC2B0008FEB5050072
:109D70000C000026370023486946097901290AD1D9
:109D800028000C300090AB6822000221286800688F
:109D9000FDF73AFF23E000E0761C3100C9B26A46C5
:109DA0001279521E91420ED228000C300090AB68FE
:109DB0002200012128680068FDF726FF641C0028A6
:109DC000EAD002990860002809D128000C300090E0
:109DD000AB682200022128680068FDF715FF002803
:109DE00007D12A000C32A96828680068FDF7C5FE73
:109DF00001273800C0B2FEBDA086010040420F001E
:109E0000801A06000120AA00A415021018160210DC
:109E100070B505000E0000202800C0B2FFF75CFE00
:109E20000400002C01D0002E01D1042011E0F078B4
:109E30006071F068A060327871782800C0B2FFF7D6
:109E4000B1FE012804D131002000FFF77DFE00E0C3
:109E50000420C0B270BD38B5040000202000C0B29C
:109E6000FFF73AFE0500002D01D104200DE000218E
:109E70002000C0B200F00BF8012805D12868006866
:109E8000FDF72AFC012000E00620C0B232BD10B56B
:109E90000C000021C0B2FFF71FFE002817D02100E0
:109EA000C9B2012903D02100C9B200290FD1E4B2FF
:109EB000012C04D100680068FFF706FE05E00100F0
:109EC0000C3100680068FDF74DFC012000E0042023
:109ED000C0B210BD38B50C0015000021C0B2FFF7AC
:109EE000FBFD002813D02A001100C9B2002903D0BD
:109EF0001100C9B201290AD12100D2B2C9B2FFF7BB
:109F00007DFE002801D1012002E0022000E00420B3
:109F1000C0B232BD80B502210B49C0B2FFF7DCFDF3
:109F200000280CD002000C32816800680068FDF740
:109F300024FE002801D1012002E0002000E00420DE
:109F4000C0B202BD0320AA000120AA0080B5130000
:109F50000022002907D0002B05D00A000421C0B23E
:109F6000FFF785FE00E00420C0B202BDF8B507008F
:109F70000D00160000203800C0B2FFF7ADFD040050
:109F8000002C26D0002D24D0002E22D000222978AB
:109F90003800C0B2FFF79EFF012818D123000C3310
:109FA000A268697820680068FDF771FE20000C3017
:109FB0000090A3680122297820680068FDF797FDCA
:109FC00033002A7A69682000FFF7D0FE02E0022001
:109FD00000E00420C0B2F2BD38B50C00150000212D
:109FE000C0B2FFF779FD00280DD0210000290AD06A
:109FF0002A00002A07D003000C3300680068FDF730
:10A00000B3FC012000E00420C0B232BD38B50C0022
:10A0100015000021C0B2FFF75FFD00280DD0210020
:10A0200000290AD02A00002A07D003000C33006858
:10A030000068FDF7BAFC012000E00420C0B232BD88
:10A0400010B50C000021C0B2FFF746FD00280AD071
:10A05000002C08D001000C3100680068FDF7C8FC36
:10A060002060012000E00420C0B210BD38B50D0012
:10A070000021C0B2FFF730FD040004212068FAF788
:10A080004FFA01280BD129000800002807D0220030
:10A090000C3220680068FFF71DFD012000E004205D
:10A0A000C0B232BD10B50C000021C0B2FFF714FDE4
:10A0B000002817D02100C9B2012903D02100C9B25C
:10A0C00000290FD1E4B2012C05D100680621405EC1
:10A0D000FCF7CBFF04E000680621405EFCF7CFFFF1
:10A0E000012000E00420C0B210BDB200F8B50A00A3
:10A0F00001242100002800D121E1002A00D11EE125
:10A1000090490968937B904D0D4099048023DB02B0
:10A1100019402943032316691E408C4D0D40360417
:10A12000C02189023140294315786E07760F884D8A
:10A130000D403606E021C90431402943167A854D89
:10A140000D40B1078026F605314029433825555D7D
:10A150000126B14325400D434421515C0226B543FD
:10A1600049000226314029432C25555D0426B14380
:10A17000AD00042635400D432D21515C0826B54322
:10A18000C900082631402943566D2640724D0D40C6
:10A19000B1028026F60031402943556D6E082640F5
:10A1A0006E4D0D4071028026B6003140294301609A
:10A1B000917B002902D10021816006E0917B012979
:10A1C00002D1516A816000E08460116B0161516BC2
:10A1D0004161D16B8161116CC161516A0162916A07
:10A1E00041625F490C685C21515CC9B2FF25AC43F8
:10A1F00021436424145DE4B25A4D0D402404FF2130
:10A200000904214029437424145DE4B20D022D0A8F
:10A21000210629438424145DE4B2534D0D402402E9
:10A22000FF210902214029434164504909687C24E7
:10A23000145DE4B24C4D0D402402FF21090221407F
:10A2400029436C24145DE4B2FF25A9430C438464C4
:10A2500047490968946D1C400325A9430C43916F3D
:10A260001940444D25408C02C02109012140294359
:10A27000166E1E403024E4433025214037012F4024
:10A280000F43916E19403C4E3E400F02C0218900A1
:10A2900039403143166F1E40C027B943B701C0266D
:10A2A0003E400E438021515819400C27BE438F0079
:10A2B0000C2139403143C164916C81672F490E688C
:10A2C00051691940009103218E4300993143166A68
:10A2D0001E40C027B943B701C0263E400E439169D6
:10A2E00019400C27BE438F000C2139403143D669F9
:10A2F00033400C4019010D4025430565204909688C
:10A3000093898CB21904214353899BB21B0A9BB2D7
:10A31000154C0C401B02FF21090219402143136810
:10A32000052B05D1927AD2B2FF2399430A4304E068
:10A330001279D2B2FF2399430A4302630021080035
:10A34000F2BD0000D4160210FFFFFBFFFFFFFCFF71
:10A35000FFFFFFF8FFFFFFBFFFFBFFFFFFFDFFFF5A
:10A36000D8160210FFFF00FFFF00FFFFDC160210EF
:10A37000E0160210FFF3FFFFFFFCFFFFE4160210E0
:10A38000E81602100168802212060A430260704734
:10A390000168490049080160704701617047006A1F
:10A3A00070475401134A1268120C120489B2114307
:10A3B00081607047C160704700B50068C00F002819
:10A3C00001D10D4800E0002000BD70B504000D0073
:10A3D00016002000FFF7F0FF002809D1310020000F
:10A3E000FFF7E8FF29002000FFF7DCFF002000E076
:10A3F000014870BD7416021001008A007047000009
:10A4000030B4434351435D18010C0C00130C5C4302
:10A410002D1980B2434392B251430024C9186441BC
:10A4200024040B04090C09195043C018694130BCBD
:10A430007047002800D5404270470949C9B20278E8
:10A440008A4203D0401C002AF9D100207047400FF7
:10A4500080B5002801D100BF07A006490B68002B7A
:10A4600003D022220021984701E000F0E2FA2220E6
:10A4700002BD00001C3C0008636F6E73747261695A
:10A480006E742068616E646C65723A20626164204B
:10A490006D65737361676500431C0178401C094258
:10A4A000FBD1C01A70470400C9B2521E05D303780D
:10A4B000401C8B42F9D1401E70470020704710B5F8
:10A4C000144600F002F8226010BD4A0053155B1CD0
:10A4D00008D0520D06D003231B02FE3AD21A1305F0
:10A4E000C91A70470022704730B4012464054D003A
:10A4F000EC420BD85D00EC4208D80C001C43640011
:10A500000443144304D2994200D1904230BC7047B6
:10A51000FCD08B42FAD18242F8E730B401246405C2
:10A520004D00EC420BD85D00EC4208D80C001C43F7
:10A5300064000443144304D28B4200D1824230BCF5
:10A540007047FCD09942FAD19042F8E7124217D4F2
:10A550000023DB435B0D9C464B005B0D06D063453F
:10A5600004D09B18634502D21205891870476246D1
:10A57000090D11430905002000B500BF00BF00BD53
:10A5800052424B005B0DF1D05B1C5B05EED25B0DC4
:10A59000934102D91205891A70470BD10B031B1383
:10A5A000C90FC907821C002043411343E4D9120597
:10A5B0001143E1E7C90FC9070020DDE7F4464A1857
:10A5C00005D200F00FF801D580174008604700F071
:10A5D00009F80121C907884200D9080040426047B4
:10A5E0004A1812D2400DC90208430121C907084385
:10A5F000520D40210901521A521C06D452421F32F8
:10A6000001D4D0407047C017704700207047000049
:10A61000010042221201D21E004207D002D4521E73
:10A620000018FCD5C10A40051205891870470000C2
:10A630000100EED54042F446FFF7EBFF0122D207BE
:10A64000114360478B4200D1824205D984461000F5
:10A6500062468C4619006346DF184C18640D7F0D66
:10A660003AD0661C760537D0E61B352E34DCDB028B
:10A670002B43DB0A0C0DC9022943C912202E0DDB26
:10A680001700203E06D01F00F741F3405F40002630
:10A69000012A7741C01871410DD217E01700F74128
:10A6A000F2405740F3415A40B340F3405A4000262D
:10A6B000801859410AD3A21C52050FD0C207012F9E
:10A6C000724117004008CB0718434908641C240551
:10A6D0004208AF4170416141F0BC7047641C2105E4
:10A6E0000020F9E76B4010E06B40ABE7F742F3D195
:10A6F000E943F1E72442EFD100200021ECE7F0B478
:10A700000125ED070F005F40EED40C00871A9C4135
:10A7100005D2C01BA141D219634169406B40AE0A0A
:10A72000DF184C18F442E1D2640D7F0DE2D0E61B35
:10A73000362ED1DCDB022B43DB0AA4460C0DC9020A
:10A740002943C90A012E28DC04D1D6075208DF07A5
:10A750003A435B08EF0A76429041994114D039425E
:10A760003BD1B61940414941761C394204D1761C8F
:10A77000001849413942FAD0B9436746B74208D96F
:10A78000A41B24052143A7E70042EAD13642E8D1C1
:10A79000A2E7E40AE10700209EE7202E0BDD203E21
:10A7A0001F00F340F7415F40012A002257417E42DB
:10A7B000984191410BE01700F741F2405740F341B7
:10A7C0005A40B340F3405A407E42904199410A03B7
:10A7D00003D2641EB619404149410027641E240576
:10A7E0004208AE4178416141F0BC7047F0B40E00C0
:10A7F0005E400125ED072E40B446AE0ADF184C1826
:10A80000F4423BD2F74241D2640D43D07F0D38D0A1
:10A81000E41BC902DB0229432B43CF0ADB0A0600F3
:10A82000B61A9F4104D2641EB6197F41B6185F4123
:10A830006812800D24180018844222DCE80C0021E4
:10A84000B6197F41B61A9F4102D2B6185F413F1C2C
:10A8500040414941F4D3241C21DD2405B6197F4130
:10A86000B61A9F4105D33743C60737430026012F49
:10A870007041614166463143F0BC7047FCD1F742FC
:10A8800005D20020C14349054908F3E704D0002060
:10A89000C143F1E77F0DFAD000206146ECE7244286
:10A8A000FAD1401C61410F03F6D30020E2E7F0B576
:10A8B0000E005E400125ED072E40B446AE0ADF18BB
:10A8C0004C18F44208D2F7420ED2640D01D07F0D2D
:10A8D00012D100206146F0BD05D1F74201D87F0DAD
:10A8E00005D10020C143F0BDFBD1640DF9D000209B
:10A8F000C143490549088FE0E419C902DB02294335
:10A900002B43DB0A460DC00231438E4630B487B27A
:10A9100095B27D432E0CADB2140C7C43A419260CC9
:10A92000240425439CB27C43A419190C7943270CB9
:10A93000C919A4B20F043C43090C000C97B2474359
:10A940002E0CBE193543ADB2170C4743360CBF1958
:10A95000A6B2BF193E043543240C3E0C36199FB2F3
:10A960004743BF19BCB23E0C89191F0C47437F18DF
:10A970003E043443390C704680B297B247432E0CE4
:10A98000BE193543ADB2170C4743360CBF19A6B2FA
:10A99000BF193E043543240C3E0C36199FB2474381
:10A9A000BF19BCB23E0C89191F0C47437F183E04E7
:10A9B0003443390C77463F0C90B278432E0C801903
:10A9C0000604ADB22E43050CA0B22D18120C7A432A
:10A9D0005019020C80B2240CA4189AB27A431219AE
:10A9E00014042043120C89181B0C7B43C91830BC7B
:10A9F000EF0A394203D1B61940414941641E6F1232
:10AA0000BF0DE41B0BDBFF19BC4211DA2405002744
:10AA10004208AE417841614166463143F0BD641C55
:10AA200005D1401C6141CF0201D34908F4E750E74A
:10AA30005DE780B5012000F001F801BD80B500BFE1
:10AA400000BF024A11001820ABBEFBE7260002003F
:10AA500010B50300080014001900C9B2102901D371
:10AA6000C0B20EE02100C9B2012908D12100C0B254
:10AA7000C9B2884203D01800C0B2F5F747FD2000E4
:10AA8000C0B210BD1CB501000024200055206A464C
:10AA9000107001236A46C9B25220FAF795FE0128C8
:10AAA00001D1012000E02000C0B216BDF3B583B093
:10AAB00001216A46D1706946097C042908D1AF4951
:10AAC0000968AF4A116001216A46117005248CE0C3
:10AAD0006946097C092908D1AA490968A84A116070
:10AAE00001216A46117005247FE06946097C0E2920
:10AAF00008D1A5490968A24A116001216A4611706E
:10AB0000052472E06946097C132908D19F49096828
:10AB10009B4A116001216A461170052465E069466F
:10AB2000097C182908D19A490968954A11600121C0
:10AB30006A461170052458E06946097C1D2908D130
:10AB4000944909688E4A116001216A4611700524F2
:10AB50004BE06946097C222908D18F490968884A57
:10AB6000116000216A46117002243EE06946097CAA
:10AB700024290BD189490968814A116000216A465C
:10AB80001170012458216A4691702EE06946097CB3
:10AB900025290BD182490968794A116000216A464A
:10ABA0001170012459216A4691701EE06946097CA2
:10ABB00026290BD17B490968714A116000216A4638
:10ABC000117001245A216A4691700EE06946097C91
:10ABD00027290AD174490968694A116000216A4627
:10ABE000117001245B216A4691700025029000E0FB
:10ABF0006D1C28002100C0B2C9B2884200D3B8E061
:10AC00005F4F02982900C9B26A4612788918405CE1
:10AC100039682A00D2B218235A4388543868290068
:10AC2000C9B21822514340180079694608710120C1
:10AC300069464870002651E038682900C9B21822D8
:10AC4000514340183100C9B24018002141713FE022
:10AC500038682900C9B21822514340183100C9B2DE
:10AC6000401839682A00D2B218235A438918320092
:10AC7000D2B289184979491C41716846007C242860
:10AC80000BD06846007C252807D06846007C262823
:10AC900003D06846007C27281AD138682900C9B239
:10ACA00018225143405C69464978884339682A0034
:10ACB000D2B218235A438854012338682900C9B2F4
:10ACC000182251434218602168468078FAF77CFDCB
:10ACD00068464078400069464870761C3000C0B233
:10ACE000082885DA68460079694649780842EFD035
:10ACF00038682900C9B218225143405C6946497836
:10AD0000084299D038682900C9B218225143401826
:10AD10003100C9B24018407939682A00D2B21823EC
:10AD20005A4389183200D2B28918497B88428FD39E
:10AD3000002039682A00D2B218235A4389183200F9
:10AD4000D2B28918487139682A00D2B218235A43FE
:10AD50008B1839688C462A00D2B218214A436146C2
:10AD600089184A7D69464978114359756946C87002
:10AD700083E76846C07805B0F0BD000014270008DE
:10AD8000E43B0008282700083C270008502700085B
:10AD900064270008782700088C27000894270008FB
:10ADA000982700089C270008A0270008F8B584B061
:10ADB000022069468870002630001A206946087013
:10ADC0000420694648700621019602AC019A2000D1
:10ADD000F8F754F93000300003273800694608714D
:10ADE00038006946C870340001252800C64800783C
:10ADF00000280CD0022800D13FE127D3042800D13D
:10AE000079E200D258E1052800D18FE217E36020F3
:10AE1000FFF738FE01280AD10320F8F7F7F8FE21E2
:10AE200001400320F8F7ECF8B74805700DE0032067
:10AE3000F8F7ECF805432900C9B20320F8F7E0F869
:10AE40000220B1490870B1480670FAE268460378FA
:10AE5000AF4A60215220FAF7D5FCC0B201280ED1CA
:10AE60000320F8F7D3F8FE2101400320F8F7C8F8D3
:10AE7000A7480078552800D0FBE0300014E00320FC
:10AE8000F8F7C4F805432900C9B20320F8F7B8F869
:10AE900002209D4908709D480670D2E29C4902003C
:10AEA000D2B2895C6418401C0100C9B26A461278AB
:10AEB000521E9142F2DBE0B295496A461278891837
:10AEC000491E0978C0B2814200D0D2E037000EE0BE
:10AED0002800C0B22018417828000E30C0B2F8F720
:10AEE0008FF86D1C2800C0B20528F1DB7F1C3800EC
:10AEF00069460979C0B2884200D3BAE0844802ACFE
:10AF00003900C9B2062251434118497821703900ED
:10AF1000C9B2062251434118897861703900C9B21B
:10AF2000062251434118C978A1703900C9B20622DE
:10AF3000514341180979E1703900C9B206225143E1
:10AF40004118497921713900C9B20622514340188C
:10AF50008079C14361713800C0B200282ED104212C
:10AF600002A8FFF7A3FD69490A7802400A70C0B23F
:10AF70000028BBD1AF480168497D617001682D226E
:10AF8000895CA17001684522895CE17001685D22DD
:10AF9000895C217100687521405C60713500280072
:10AFA000C0B20528A2DA2800C0B2201841782800D3
:10AFB000001DC0B2F8F724F86D1CF0E73800C0B2ED
:10AFC00001282FD1092102A8FFF770FD4F490A7807
:10AFD00002400A70C0B2002888D196480168497DB5
:10AFE000617001682D22895CA17001684522895C2D
:10AFF000E17001685D22895C217100687521405C07
:10B00000607135002800C0B2052800DB6EE728001B
:10B01000C0B22018417828000930C0B2F7F7F0FF1D
:10B020006D1CEFE73800C0B2022800D05EE70E21A9
:10B0300002A8FFF73BFD35490A7802400A70C0B20A
:10B04000002800D052E77B480168497D61700168A3
:10B050002D22895CA17001684522895CE17001683C
:10B060005D22895C217100687521405C607135004A
:10B0700038E7022024490870E3E16120FFF702FD70
:10B0800001280AD10320F7F7C1FFFD210140032069
:10B09000F7F7B6FF1C4807700DE00320F7F7B6FF7F
:10B0A00002210143C9B20320F7F7AAFF0420164981
:10B0B0000870C9480670C4E168460378144A6121E3
:10B0C0005220FAF79FFBC0B201280ED10320F7F7F8
:10B0D0009DFFFD2101400320F7F792FF0C48007807
:10B0E000552800D003E130001AE00320F7F78EFF67
:10B0F00002210143C9B20320F7F782FF042002496D
:10B100000870B54806709CE1E13C0008B32B0008CC
:10B11000603A0008CD490200D2B2895C6418401C34
:10B120000100C9B26A461278521E9142F2DBE0B2C7
:10B13000C6496A4612788918491E0978C0B2814208
:10B1400000D0D4E037000EE02800C0B220184178CB
:10B1500028001D30C0B2F7F753FF6D1C2800C0B2A5
:10B160000528F1DB7F1C38006946C978C0B28842E7
:10B1700000D3BCE0B54802AC3900C9B20622514345
:10B180004118497821703900C9B20622514341184B
:10B19000897861703900C9B2062251434118C978D3
:10B1A000A1703900C9B20622514341180979E170F2
:10B1B0003900C9B206225143411849792171390039
:10B1C000C9B20622514340188079C14361713800E9
:10B1D000C0B2002830D1132102A8FFF767FC7E49D6
:10B1E0000A7802400A70C0B20028BBD11148016839
:10B1F000497D617001682D22895CA170016845223A
:10B20000895CE17001685D22895C217100687521AB
:10B21000405C607135002800C0B20528A2DA280021
:10B22000C0B22018417828001330C0B2F7F7E8FE0A
:10B230006D1CF0E7E43B00083800C0B201282FD1B4
:10B24000182102A8FFF732FC63490A7802400A700D
:10B25000C0B2002886D17E480168497D61700168CE
:10B260002D22895CA17001684522895CE17001682A
:10B270005D22895C217100687521405C6071350038
:10B280002800C0B2052800DB6CE72800C0B22018F7
:10B29000417828001830C0B2F7F7B2FE6D1CEFE716
:10B2A0003800C0B2022800D05CE71D2102A8FFF7D9
:10B2B000FDFB49490A7802400A70C0B2002800D05C
:10B2C00050E763480168497D617001682D22895CFF
:10B2D000A17001684522895CE17001685D22895C8A
:10B2E000217100687521405C6071350036E70420EB
:10B2F000A6490870A5E01020FFF7C4FB012808D17B
:10B300000320F7F783FEFB2101400320F7F778FEC7
:10B3100008E00320F7F77AFE04210143C9B20320B5
:10B32000F7F76EFE0520994908708AE0474F684696
:10B3300043783A0010215220FAF764FAC0B201288B
:10B3400008D10320F7F762FEFB2101400320F7F745
:10B3500057FE0BE00320F7F759FE04210143C9B261
:10B360000320F7F74DFE30008949087038785528DA
:10B3700042D1300004E00100C9B2795C6418401C7D
:10B380000100C9B26A465278521E9142F3DBE0B224
:10B39000694649787918491E0978C0B281422BD193
:10B3A000787869460872B87802A94870222102A804
:10B3B000FFF77CFB76490A7802400A70C0B2002889
:10B3C0001AD1234802AF0168497D797000682D21A8
:10B3D000405CB87034000BE0B42B00082000C0B211
:10B3E0003818417820002230C0B2F7F709FE641CFB
:10B3F0002000C0B20228F1DB66480178002909D09C
:10B4000065490978002905D061490978002901D0EA
:10B41000290000E03100C9B2002903D031006A469A
:10B42000917002E029006A46917029005A4A117011
:10B4300029000170564805705448067001E05348D1
:10B4400006706846807805B0F0BD0000603A0008DC
:10B45000E43B0008F8B502210E000024200004207F
:10B460006A461070220000ADAD1C2800F7F706FEFA
:10B4700020002500494F3878042805D000D280E00C
:10B4800006281BD02BD37CE01020FFF7FBFA012805
:10B4900008D10320F7F7BAFDFB2101400320F7F79D
:10B4A000AFFD08E00320F7F7B1FD04210143C9B265
:10B4B0000320F7F7A5FD0620387064E038480178CE
:10B4C000102903DA0178491C017007E0017810297E
:10B4D00003D105213970047000E0047053E0314E4F
:10B4E00068460378320010215220FAF78BF9C0B277
:10B4F000012808D10320F7F789FDFB210140032033
:10B50000F7F77EFD0BE00320F7F780FD04210143F0
:10B51000C9B20320F7F774FD2000D54908703078D0
:10B52000552826D1200004E00100C9B2715C6D18D5
:10B53000401C0100C9B26A461278521E9142F3DBE8
:10B54000E8B2694609787118491E0978C0B281428B
:10B550000FD100A8801C71780170B178417001781A
:10B56000002906D001782220F7F74AFD2000C049C3
:10B570000870BF480078012801D1260000E00126AC
:10B5800001E0042038703000C0B2F2BDE13C000898
:10B59000B52B0008B32B0008B42B0008B62B00080D
:10B5A000B82B0008603A0008FEB5012069464870D3
:10B5B000012701260125012002900024220068466F
:10B5C000019002990198F7F759FD01982000200099
:10B5D000202002902200B848019002990198F7F7C4
:10B5E0004DFD01980123B44A60215820FAF70AF969
:10B5F000C0B201281ED12000B04908700320F7F71F
:10B6000005FDF72101400320F7F7FAFCAA4800786E
:10B610006946087024216846FFF748FA6946487071
:10B620006846407800281DD1684601782420F7F745
:10B63000E7FC17E0A1480178491C017001781E2938
:10B6400010DB210001700320F7F7E0FC0821014323
:10B65000C9B20320F7F7D4FC2000694648700120E6
:10B6600000F01CFA0123C54A60215920FAF7CAF8F4
:10B67000C0B201281DD12000C14908700320F7F78E
:10B68000C5FCEF2101400320F7F7BAFC8A48407857
:10B690006946087025216846FFF708FA0700380058
:10B6A000C0B200281BD1684601782520F7F7A8FC16
:10B6B00015E0B3480178491C017001781E290EDBA2
:10B6C000210001700320F7F7A1FC10210143C9B24A
:10B6D0000320F7F795FC2700012000F0DFF9012394
:10B6E000A84A60215A20FAF78DF8C0B201281DD16E
:10B6F0002000A54908700320F7F788FCDF210140EE
:10B700000320F7F77DFC6C48807869460870262195
:10B710006846FFF7CBF906003000C0B200281BD105
:10B72000684601782620F7F76BFC15E0964801780B
:10B73000491C017001781E290EDB210001700320D5
:10B74000F7F764FC20210143C9B20320F7F758FC46
:10B750002600012000F0A2F90123BD4A60215B20F0
:10B76000FAF750F8C0B201281DD12000B94908707D
:10B770000320F7F74BFCBF2101400320F7F740FC03
:10B780004D48C0786946087027216846FFF78EF952
:10B7900005002800C0B200281BD168460178272088
:10B7A000F7F72EFC15E0AB480178491C01700178D1
:10B7B0001E290EDB210001700320F7F727FC402132
:10B7C0000143C9B20320F7F71BFC2500012000F05C
:10B7D00065F96846407800280AD0FFB2002F07D0EC
:10B7E000F6B2002E04D0EDB2002D01D0012000E011
:10B7F0002000C0B200280FD00125C24C0122607881
:10B800000100C907C90F0820FFF722F96178FE225D
:10B810000A40104360700EE02500BA4C00226078A8
:10B820000100C907C90F0820FFF712F96178FE224D
:10B830000A40104360702800C0B2FEBDF8B5B24E99
:10B840003078012811D1202100242200AF4D2F0093
:10B850003800F7F713FC01232A0009212120F9F70A
:10B86000D1FF2878F7F7B8FB34700120F2BD000053
:10B87000B72B0008F8B50A2069460870A44E307846
:10B88000012818D1202100252A00A04C27003800CB
:10B89000F7F7F4FB0E20FFF7F5F80520F9F79CFD0C
:10B8A0006846037822000E215220F9F7ABFF60783A
:10B8B000F7F7B9FB3570F1BD603A0008DC3C0008D1
:10B8C0001CB501246846047000F0F8FA00282ED157
:10B8D00001236A4605212120F9F794FFC0B201280F
:10B8E00016D168460078F7F785FB0320F7F78EFB43
:10B8F0004106490E0320F7F783FB2820F7F786FB64
:10B90000694609780143C9B22820F7F779FB11E0AD
:10B910000320F7F77BFB80210143C9B20320F7F72F
:10B920006FFB012000F0BAF86846047002E00020C6
:10B93000694608706846007816BD70B5002420007E
:10B9400020212200714D2E003000F7F797FB714E39
:10B950003078012810D101232A0002212120F9F793
:10B9600051FF287845076D0F2800C0B2F7F745FB57
:10B97000EDB2002D00D0347070BD0000613A0008B7
:10B98000DD3C0008623A0008DE3C000810B50020EB
:10B9900001003BE0604B0C00E4B2A4001B59140012
:10B9A000E4B21B1958715D4B0C00E4B2A4001B59A2
:10B9B0001400E4B21B195871594B0C00E4B2A400F6
:10B9C0001B591400E4B21B195871564B0C00E4B219
:10B9D000A4001B591400E4B21B195871524B0C00FF
:10B9E000E4B2A4001B591400E4B21B1958714F4B68
:10B9F0000C00E4B2A4001B591400E4B21B195871E6
:10BA0000521C1300DBB2082BC4DB491C0A00D2B263
:10BA1000052A01DA0200F4E710BD10B5002001008C
:10BA20000EE0434B0C00E4B2A4001B591400E4B236
:10BA30001B195871521C1300DBB2082BF1DB491C97
:10BA40000A00D2B2022A01DA0200F4E710BD0000B7
:10BA5000633A0008DF3C000800B50020010018E050
:10BA6000344A12680B00DBB2D2185071324A1268A5
:10BA70000B00DBB2D2185071304A12680B00DBB2F7
:10BA8000D21850712E4A12680B00DBB2D2185071D6
:10BA9000491C0A00D2B2082AE2DB00BD00B5010051
:10BAA000C9B2632901D0274908702648007800BD33
:10BAB000F8B586B08421092303AA234CE0CCE0C268
:10BAC0000C3C0C3A6A46214CE0CCE0C20C3C0C3AEF
:10BAD00001240200D2B2012A06D1DBB203AAC9B204
:10BAE0005220F9F771FE08E0C0B2002805D1DBB2A0
:10BAF0006A46C9B25220F9F767FE2000C0B207B00B
:10BB0000F0BD0000E03B0008B92B0008603A0008D7
:10BB1000BA2B0008BB2B00081427000828270008B0
:10BB20003C270008502700086427000878270008F1
:10BB30008C27000894270008982700089C270008F5
:10BB4000A0270008E03C0008B0150210BC15021048
:10BB50000022C0B200021043C9B2084380B270474D
:10BB600010B50022130003000C009BB2A4B2A34244
:10BB700006D2081A1100A24B5970A2490A800EE0A1
:10BB80000B0004009BB2A4B2A34207D2401A0121C9
:10BB90000A009B4B5A709B4A118000E0100080B253
:10BBA00010BD7CB5050000242000200020000A26DE
:10BBB000F7F730FA01280BD168462900FC220A4029
:10BBC0000270290089B2090A4170210081700AE0DF
:10BBD00068462900F0220A400270290089B2090A49
:10BBE000417021008170200005E069460200D2B258
:10BBF000895C7618401C0100C9B20229F5D3684659
:10BC0000867003236A460A215220F9F7DDFD0128D8
:10BC100001D1012000E02000C0B276BD38B504009B
:10BC200000210800A74D298061010143080080B26E
:10BC300080221202904200D3AF49200080B2AF4A66
:10BC4000904202D3AE48288003E02888A201024334
:10BC50002A8089B22520F7F7B7FF6320F4F78AFC22
:10BC6000012802D12888FFF79CFFA648048000889D
:10BC700032BD00B5010089B280290BD36049401C58
:10BC800080B20A224243D0090870802088700120C7
:10BC9000887111E0010089B200290AD0010089B23F
:10BCA000802906D256490A220A70887001208871BC
:10BCB00002E00020524988715148807900BD504807
:10BCC000002101708170012181718079704770B508
:10BCD0000100002318004A4A5478002C0DD189B283
:10BCE0000A20484388490978491C12785143401872
:10BCF00080B20A21F7F7CBFD1BE05478012C18D154
:10BD000081480C00A4B20A2565430478641C1678A7
:10BD10007443A54201D218000BE089B20A234B43B9
:10BD20000078401C11784843181A80B20A21F7F7AE
:10BD3000AEFD80B270BD1CB502000020304B03CBBD
:10BD4000083B6C4603C4083C100080B26B49884233
:10BD500004D38020C0006946888001E06846828064
:10BD6000684603C803C3083B0120C0B216BDFEB538
:10BD700000242000654D287802283DD1204F03CFB4
:10BD8000083F6A4603C2083A68468079012806D10E
:10BD900020005D4908705B4800885D4908805A4E64
:10BDA00030786946897888420DD201206946C87189
:10BDB00057480088FFF78BFF80B2FFF72FFF3078DE
:10BDC000401C30700FE0307869468978884207D18E
:10BDD00068468088FFF722FF3078401C307002E010
:10BDE00020006946C871200069468871684603C80A
:10BDF00003C7083F2C7002E02878401C2870F7BD6C
:10BE0000903B00085A3C0008F1B582B00F001600C4
:10BE1000002004003F4D3900C9B26846007AFFF7A0
:10BE200097FE2880F7F7DEF8012806D128883A49DE
:10BE3000884202DB8520800028802888FFF77BFF6E
:10BE40002888F4F7A5FB29882E480088FFF788FE8C
:10BE5000694608806846008800281ED0F6B2012E88
:10BE600018D1F4F70BFB01002C4D2800C622F7F780
:10BE7000FBF901246878C0B280092100084204D18E
:10BE800001220E210120F4F7BDFB68460088FFF770
:10BE9000F0FE02E0FFF713FF02246846007A074332
:10BEA000FFB2002F04D100220E210120F4F7AAFBDB
:10BEB0000020F4F7B7FA2000C0B2FEBD1848C079E0
:10BEC00070470000583C000880B516490220F9F779
:10BED0006AFB002214490220F9F708FC0121022024
:10BEE000F9F7E1FB01210220F9F7BEFB0322012152
:10BEF0000220F9F722FC01BD01800000FF030000D1
:10BF0000FFFF0000563C0008AB3C0008AC3C0008BA
:10BF10005C3C00085E3C0008150200007C34000810
:10BF2000903B0008802300086FBD011010B504008D
:10BF300000200100002C05D02122CB492000F7F77A
:10BF400093F90120C0B210BD10B50100002002001D
:10BF5000002905D02122C44C2000F7F785F90120E3
:10BF6000C0B210BD70B50500C04C0C20F4F77CFACF
:10BF70002070BF4E6320F4F7F1FA3070EDB2002D5F
:10BF800002D0032D26D062E0002200210020FFF71E
:10BF90003BFFB84D32782178002000F0EFFC28708C
:10BFA0000020F4F7E7FA32782178002000F062FDF3
:10BFB00029784000084328702878002809D1207883
:10BFC000052806D000220E210120F4F71BFB0720D4
:10BFD00020703CE0A74D32782178012000F04AFD26
:10BFE000287032782178012000F0C8FC29784000C0
:10BFF000084328702878032828D12078072825D1DD
:10C00000002200210020FFF7FFFE01220A2102206A
:10C01000F4F7F8FA00F080FD0120F4F7ABFA0820FD
:10C020002070F4F72BFA0100934D2800C622F7F791
:10C030001BF98D48017804220A430270A979890707
:10C04000890FC1716979017201214172FFE720787E
:10C0500070BDF8B594B008A888493022F7F7EAF81F
:10C06000824D0C20F4F700FA2870814E6320F4F71B
:10C0700075FA307008A800F053FD012800D07FE069
:10C0800008AC2078C0071FD5042208A8411C6F46C1
:10C090003800F7F7E9F868460078C00704D50320B0
:10C0A000FFF760FF287003E00020FFF75BFF2870B8
:10C0B0002878F4F7D9F92078FE210140217000207A
:10C0C000607008A800F03AFD2078800612D504229E
:10C0D00008A8010011316F463800F7F7C5F8684627
:10C0E000007800F08DFC2078DF210140217008A845
:10C0F00000F024FD2078800719D5042208A8411DEE
:10C100006F463800F7F7B0F83078002808D1287863
:10C11000082805D16846827841780078FFF774FED8
:10C120002078FD210140217008A800F007FD0422BD
:10C1300020781100084211D008A8010009316F468B
:10C140003800F7F791F86846007800F013FE207881
:10C15000FB210140217008A800F0F0FC2078400687
:10C160000ED5192208A8010015316F463800F7F7DF
:10C170007BF82078BF210140217008A800F0DEFC88
:10C18000F6F730FF01280AD13D48F4F701FA3D499E
:10C19000884204DB01220E210220FFF735FE324CDB
:10C1A0002078002851D02078C0070CD53278297823
:10C1B000607800F05FFC2F4908702078FE21014074
:10C1C0002170002060702078800614D5207C012822
:10C1D00004D10320FFF7C6FE287003E00020FFF71C
:10C1E000C1FE28702878F4F73FF92078DF2101405C
:10C1F000217000202074207880070AD532782978B1
:10C20000207900F0BBFB2078FD2101402170002047
:10C210002071207840070FD53078002804D1627A49
:10C22000217AE079FFF7F0FD2078FB2101402170B1
:10C230000020E071207260722078400605D52078D9
:10C24000BF21014021700020E07415B0F0BD80B521
:10C250000C20F4F709F90549087001200A49087013
:10C26000FFF732FE01BD0000041500088B3C0008FA
:10C270008C3C00088D3C0008243200085C1302103E
:10C280000F270000150200008E3C0008F0B5B1B089
:10C2900028A82421F6F702FF1FA82421F6F7FEFEA6
:10C2A00016A82421F6F7FAFE01A80C21F6F7F6FEEF
:10C2B0000DA82421F6F7F2FE04A82421F6F7EEFEDD
:10C2C0000021080008000800080008002548007840
:10C2D000401E244908700C20F4F7C6F82249087063
:10C2E0006320F4F73BF921490870F4F7C7F801001F
:10C2F0001F4C2000C622F6F7B7FFFFF7AAFE632007
:10C30000F3F7BCFF28AE3178FE220A400100C907CE
:10C31000C90F114331706320F3F7ECFF0225317828
:10C32000FD220A404000290001401143317070781D
:10C33000FE210140607B0200D207D20F0A437270D7
:10C3400019203072F4F720F8299028A800F0C6FED2
:10C35000C0B201280ED04DD303283ED03CD30428D0
:10C3600021D047E0A72B00088B3C00088C3C00083C
:10C37000243200080020F3F781FF0020F3F7BAFF12
:10C38000607B290001436173F4F778F80D30017880
:10C39000FD220A40617B2B000B40134303700120F8
:10C3A000F4F7C4F826E00020F3F768FF0020F3F765
:10C3B000A1FF0426607B310001436173F4F75EF84E
:10C3C0000D300178FB220A40617B0E401643067057
:10C3D0000120F4F7ABF80DE00CE0F4F74FF8192169
:10C3E000009128A9093106003036009A3000F6F78E
:10C3F0003BFFFFE76320F3F74BFF1FAE3178FE22D0
:10C400000A400100C907C90F114331706320F3F7D7
:10C410007BFF3178FD220A40400029000140114392
:10C4200031707078FE210140A07B0200D207D20F4C
:10C430000A43727019203072F3F7AAFF20901FA8E8
:10C4400000F02EFFC0B2012806D045D3032836D015
:10C4500034D3042819D03FE00020F3F719FF00205F
:10C46000F3F752FFA07B29000143A173F4F706F80C
:10C470000E300178FD220A40A17B2B000B401343B4
:10C4800003700120F4F752F826E00020F3F700FFD4
:10C490000020F3F739FF0426A07B31000143A1738C
:10C4A000F3F7ECFF0E300178FB220A40A17B0E402F
:10C4B000164306700120F4F739F80DE00CE0F3F7AD
:10C4C000DDFF192100911FA9093106001736009AD6
:10C4D0003000F6F7C9FEFFE76320F3F7E3FE16AE80
:10C4E0003178FE220A400100C907C90F114331709B
:10C4F0006320F3F713FF3178FD220A404000290042
:10C500000140114331707078FE210140E07B020050
:10C51000D207D20F0A43727019203072F3F73CFF32
:10C52000179016A800F02CFFC0B2012806D045D302
:10C53000032836D034D3042819D03FE00020F3F785
:10C54000B1FE0020F3F7EAFEE07B29000143E1732E
:10C55000F3F794FF0F300178FD220A40E17B2B00B6
:10C560000B40134303700120F3F7E0FF26E00020A7
:10C57000F3F798FE0020F3F7D1FE0426E07B3100AC
:10C580000143E173F3F77AFF0F300178FB220A4091
:10C59000E17B0E40164306700120F3F7C7FF0DE064
:10C5A0000CE0F3F76BFF1921009116A90931060081
:10C5B0007B36009A3000F6F757FEFFE76320F3F76B
:10C5C0007BFE01AE3178FE220A400100C907C90F87
:10C5D000114331706320F3F7ADFE3178FD220A403C
:10C5E000400029000140114331707078FE21014064
:10C5F000207C0200D207D20F0A43727028003072EA
:10C60000F3F7CEFE029001A800F0DAFDC0B20128D7
:10C6100006D042D3032836D034D3042819D03CE0C6
:10C620000020F3F749FE0020F3F784FE207C290068
:10C6300001432174F3F722FF10300178FD220A40F4
:10C64000217C2B000B40134303700120F3F76EFF96
:10C6500023E00020F3F730FE0020F3F76BFE042602
:10C66000207C310001432174F3F708FF103001787A
:10C67000FB220A40217C0E40164306700120F3F78E
:10C6800055FF0AE009E0F3F7F9FE2A0001A9093194
:10C69000C61C3000F6F7E8FDFFE76320F3F716FE4F
:10C6A0000DAE3178FE220A400100C907C90F1143BF
:10C6B00031706320F3F74AFE3178FD220A404000D2
:10C6C00029000140114331707078FE210140607CE7
:10C6D0000200D207D20F0A43727019203072F3F7AA
:10C6E00061FE0E900DA800F0BFFEC0B2012806D07A
:10C6F00045D3032836D034D3042819D03FE0002096
:10C70000F3F7E4FD0020F3F721FE607C29000143EC
:10C710006174F3F7B3FE11300178FD220A40617CA9
:10C720002B000B40134303700120F3F7FFFE26E0BC
:10C730000020F3F7CBFD0020F3F708FE0426607C11
:10C74000310001436174F3F799FE11300178FB2247
:10C750000A40617C0E40164306700120F3F7E6FEA6
:10C760000DE00CE0F3F78AFE192100910DA90931C3
:10C7700006004936009A3000F6F776FDFFE76320A1
:10C78000F3F7AEFD04AE3178FE220A400100C9077E
:10C79000C90F114331706320F3F7E2FDFD273178B3
:10C7A000394040002A0002400A4332707078FE216E
:10C7B0000140A07C0200D207D20F0A4372701920F8
:10C7C0003072F3F7F1FD059004A800F0C1FEC0B28D
:10C7D000012806D043D3032834D032D3042817D0FD
:10C7E0003DE00020F3F77CFD0020F3F7B9FDA07CCD
:10C7F00029000143A174F3F741FE123001780F4084
:10C80000A17C0D403D4305700120F3F78FFE26E02B
:10C810000020F3F765FD0020F3F7A2FD0425A07CBE
:10C8200029000143A174F3F729FE12300178FB229D
:10C830000A40A17C0D40154305700120F3F776FEF8
:10C840000DE00CE0F3F71AFE1921009104A909315B
:10C8500004006234009A2000F6F706FDFFE7054861
:10C860000178002901D1F4210170012002490870EA
:10C8700031B0F0BDA72B00088E3C000870470000C7
:10C8800080B501215A20F8F75FF901216E20F8F7F1
:10C890005BF90220F8F7A0FD01212920F8F754F9EF
:10C8A00001219020F8F750F90220F8F795FD0121B9
:10C8B0001920F8F749F901219820F8F745F90121E5
:10C8C0006420F8F741F901214220F8F73DF91620DC
:10C8D000F8F782FD00F07AF81E21412000F0ABFE4F
:10C8E000002801D100F072F8F6F794FB012805D179
:10C8F0006846002101700421417004E0684601216E
:10C9000001700521417002236A4604215220F8F784
:10C910005BFF0520F8F760FD01BD80B50020FFF743
:10C920007DF900215A20F8F70FF91420F8F754FD8B
:10C9300000216E20F8F708F90120FFF7B9F864200C
:10C94000F8F74AFD0020FFF7B3F800211920F8F7A7
:10C95000FBF800219820F8F7F7F800212920F8F7D4
:10C96000F3F800219020F8F7EFF800216420F8F7A1
:10C97000EBF800214220F8F7E7F801BD10B50A24D2
:10C98000114B19701978072902D008290DD018E029
:10C99000C0B2012808D1D2B2002A05D1FFF770FF3A
:10C9A00001240120F6F739FB0BE0C0B2002807D1C3
:10C9B000FFF7B3FF00220E210120F3F723FE00242E
:10C9C000FFE72000C0B210BDAD3C000880B50123D8
:10C9D000384A60215920F8F7F7FE0123364A6021D2
:10C9E0005A20F8F7F1FE0123344A60215820F8F765
:10C9F000EBFE0123324A60215B20F8F7E5FE01BD22
:10CA000010B500210A000100C907C90F0222104019
:10CA10000400E4B26408C9B2012910D101216320E5
:10CA2000F8F792F8E4B2012C04D101215920F8F76B
:10CA30008BF814E000215920F8F786F80FE0002168
:10CA40006320F8F781F8E4B2012C04D101215920C8
:10CA5000F8F77AF803E000215920F8F775F810BDCF
:10CA600018480121017000787047164800210170B4
:10CA70000078704710B50B000021134C2370237809
:10CA8000072B02D0082B0AD010E0C0B2012805D134
:10CA9000D2B2002A02D1FFF7E3FF010006E0C0B2E4
:10CAA000002802D1FFF7E1FF0100FFE70800C0B254
:10CAB00010BD0000E93B0008ED3B0008F13B000819
:10CAC000F53B0008E33C0008E23C00080F490A6817
:10CAD000086070470E490A6852005208C0B2C00789
:10CAE00010430860704780B500F0F4FF01F036F89D
:10CAF00001F05EF80748FFF7E9FF0120FFF7EAFFC2
:10CB000001F04BF801F067F801BD000008C02640B5
:10CB100010C02640FF7F000080B501F083F801BD02
:10CB200010B5040000200100002C05D02E228A49F7
:10CB30002000F6F799FB0120C0B210BD10B501002E
:10CB400000200200002905D02E22834C2000F6F799
:10CB50008BFB0120C0B210BD10B501207F490870C9
:10CB600000227D48110001702D21441C2000F6F7A1
:10CB700085FA10BDFEB501242000784908706320B5
:10CB8000F3F744FC012818D1F3F778FC002806D00D
:10CB9000F3F774FC01007248C622F6F765FB6E4895
:10CBA000017822000A43027022006E49451C2800C9
:10CBB000F6F75AFB0020F3F729FC6320F3F732FC69
:10CBC00001281FD1F3F75AFC002806D0F3F756FCD2
:10CBD00001006348C622F6F747FB042100225E4DA0
:10CBE0006E1D37003800F6F749FA28780221014314
:10CBF00029705B4881798907890F31704079A87164
:10CC00002000E8716320F3F719FC012827D1F3F71E
:10CC100035FC002806D0F3F731FC01005048C6224D
:10CC2000F6F722FB0425290000224B4E4E4F0097B9
:10CC30000098F6F723FA0098307805433570484895
:10CC4000717AC279230013400B433B70717AC0792B
:10CC500002221040084338700020F3F7EFFB6320F6
:10CC6000F3F7C6FB01281DD1F3F708FC002806D016
:10CC7000F3F704FC01003A48C622F6F7F5FA04215E
:10CC80000022354D2E000D363000F6F7F7F9344806
:10CC9000407AC00703D52878082101432970002075
:10CCA000F3F7A6FB6320F3F78BFB012812D1F3F710
:10CCB000E5FB002806D0F3F7E1FB01002848C62277
:10CCC000F6F7D2FA2448017810220A4302700020B5
:10CCD000F3F776FB6320F3F74DFB01281CD1F3F744
:10CCE000CDFB002806D0F3F7C9FB01001C48C62283
:10CCF000F6F7BAFAF3F778FD019017480178202289
:10CD00000A430270220001A9040011342000F6F742
:10CD1000ABFA0020F3F72EFB6320F3F79BFB01280F
:10CD200019D1F3F7ABFB002806D0F3F7A7FB0100FE
:10CD30000B48C622F6F798FA0748017840220A43C2
:10CD4000027032220949040015342000F6F78CFAEB
:10CD50000020F3F77FFBF7BDE83800088A3C0008A5
:10CD60005C31000864310008F1380008F031000837
:10CD70007047000000B5C0B2002805D002280BD0D3
:10CD800006D303280CD00FE00020094908700BE0FF
:10CD900001200749087007E002200549087003E0F8
:10CDA000032003490870FFE70148007800BD00BF79
:10CDB000F63C0008F8B504000E008021FF228A4DE1
:10CDC0002F003800F6F75AF9F6B2320021002C0095
:10CDD0002000F6F749FA80232A008021BE48F6F7A2
:10CDE000C3F9F1BDF8B506000D00802100227E4C8C
:10CDF00027003800F6F742F9802322008021B64848
:10CE0000F6F7FAF9EDB22A0021003000F6F72CFA15
:10CE1000F1BDF8B504000E008021FF22724D2F00F5
:10CE20003800F6F72BF9F6B2320021002C00200072
:10CE3000F6F71AFA80232A008021C248F6F794F9FF
:10CE4000F1BDF8B506000D0080210022664C2700D8
:10CE50003800F6F713F9802322008021B948F6F74D
:10CE6000CBF9EDB22A0021003000F6F7FDF9F1BD53
:10CE7000F8B504000E008021FF225B4D2F00380022
:10CE8000F6F7FCF8F6B2320021002C002000F6F78D
:10CE9000EBF980232A008021C748F6F765F9F1BD38
:10CEA000F8B506000D00802100224F4C2700380005
:10CEB000F6F7E4F8802322008021BF48F6F79CF9BA
:10CEC000EDB22A0021003000F6F7CEF9F1BDF8B539
:10CED00004000E008021FF22434D2F003800F6F79A
:10CEE000CDF8F6B2320021002C002000F6F7BCF994
:10CEF00080232A008021B148F6F736F9F1BDF8B554
:10CF000006000D0080210022374C27003800F6F77C
:10CF1000B5F8802322008021A848F6F76DF9EDB21C
:10CF20002A0021003000F6F79FF9F1BDF8B50400A2
:10CF30000E008021FF222C4D2F003800F6F79EF8BE
:10CF4000F6B2320021002C002000F6F78DF9802384
:10CF50002A008021C648F6F707F9F1BDF8B50600AA
:10CF60000D0080210022204C27003800F6F786F8BB
:10CF7000802322008021BE48F6F73EF9EDB22A0058
:10CF800021003000F6F770F9F1BDF8B504000E008D
:10CF90008021FF22144D2F003800F6F76FF8F6B20B
:10CFA000320021002C002000F6F75EF980232A00D1
:10CFB0008021BA48F6F7D8F8F1BDF8B506000D00A3
:10CFC00080210022084C27003800F6F757F880230C
:10CFD00022008021B148F6F70FF9EDB22A002100B6
:10CFE0003000F6F741F9F1BD2438000878B587B074
:10CFF000010000242000250019226E463000F6F7BB
:10D0000033F905E068462100C9B2405C2D18641C64
:10D010002000C0B21928F5D32800C0B208B070BDF6
:10D020007CB5010000242000250002226E4630005D
:10D03000F6F71AF905E068462100C9B2405C2D18E0
:10D04000641C2000C0B20228F5D32800C0B276BD0F
:10D0500000B5020000200300D2B2C9B28A4201D159
:10D060000120FFE7C0B200BD38B50022100010005B
:10D0700011000124C04D2978214217D02978C9B266
:10D080004908214213D06868FFF7B0FF6968497EFC
:10D09000C0B2FFF7DDFFC0B2012805D16868297A68
:10D0A000FFF788FE200002E0042000E00220C0B26A
:10D0B00032BD30B5010000221000B04B1C780D00CD
:10D0C000EDB2AC4206D01970C9B2012901D11000ED
:10D0D00000E00120C0B230BD00C1001470B50500F1
:10D0E0000020A54C200029002422F6F7A3F80126F1
:10D0F000617830000840C0B2FFF7DBFF012803D1A0
:10D1000020780643267003E02078FE21014021703C
:10D11000B54E3078002810D1093419212000FFF7CE
:10D1200061FE192221002C0009342000F6F79CF83A
:10D130003078401C3070032001E0FFF795FFC0B24B
:10D1400070BD000080C0001438B50022100010002F
:10D1500011000124B84D2978214217D02978C9B28D
:10D160004908214213D06868FFF75AFF6968897837
:10D17000C0B2FFF76DFFC0B2012805D16868297AF7
:10D18000FFF7A5FE200002E0042000E00220C0B26C
:10D1900032BD30B5010000221000B24B1C780D00EA
:10D1A000EDB2AC4206D01970C9B2012901D110000C
:10D1B00000E00120C0B230BD80C1001400C00014E6
:10D1C00070B5050000209C4C07CD07C40C3D0C3CFD
:10D1D0000126617830000840C0B2FFF7DAFF01286D
:10D1E00003D120780643267003E02078FE21014019
:10D1F0002170B74E3078002810D109340221200068
:10D20000FFF77DFE022221002C0009342000F6F7F2
:10D210002BF83078401C3070032001E0FFF794FFBA
:10D22000C0B270BD38B500221000100011000124FA
:10D23000BB4D2978214217D02978C9B2490821422B
:10D2400013D06868FFF7D2FE6968497EC0B2FFF765
:10D25000FFFEC0B2012805D16868297AFFF7D9FD21
:10D26000200002E0042000E00220C0B232BD000035
:10D2700080C2001430B5010000221000B34B1C78AE
:10D280000D00EDB2AC4206D01970C9B2012901D12E
:10D29000100000E00120C0B230BD000080C40014C6
:10D2A00070B5050000209E4C200029002422F5F7CF
:10D2B000C1FF0126617830000840C0B2FFF7DAFFF5
:10D2C000012803D120780643267003E02078FE2150
:10D2D00001402170B84E3078002810D1093419214E
:10D2E0002000FFF7AEFD192221002C000934200098
:10D2F000F5F7BAFF3078401C3070032001E0FFF7EB
:10D3000091FFC0B270BD38B50022100010001100AE
:10D310000124AA4D2978214217D02978C9B2490899
:10D32000214213D06868FFF761FE6968497EC0B288
:10D33000FFF78EFEC0B2012805D16868297AFFF791
:10D3400097FD200002E0042000E00220C0B232BDC0
:10D3500030B5010000221000994B1C780D00EDB291
:10D36000AC4206D01970C9B2012901D1100000E009
:10D370000120C0B230BD00008C390008EA3C000832
:10D3800070B5050000208D4C200029002422F5F7FF
:10D3900051FF0126617830000840C0B2FFF7D8FF86
:10D3A000012803D120780643267003E02078FE216F
:10D3B00001402170834E3078002810D109341921A2
:10D3C0002000FFF76DFD192221002C0009342000F8
:10D3D000F5F74AFF3078401C3070032001E0FFF77A
:10D3E00092FFC0B270BD0000E43C000838B50022D6
:10D3F0001000100011000124734D2978214217D02C
:10D400002978C9B24908214213D06868FFF7EEFDB8
:10D410006968497EC0B2FFF71BFEC0B2012805D182
:10D420006868297AFFF782FD200002E0042000E00E
:10D430000220C0B232BD00007C3B000830B50100C4
:10D4400000221000614B1C780D00EDB2AC4206D0FA
:10D450001970C9B2012901D1100000E00120C0B249
:10D4600030BD0000EB3C000870B505000020564CB4
:10D47000200029002422F5F7DDFE01266178300026
:10D480000840C0B2FFF7DAFF012803D12078064335
:10D49000267003E02078FE21014021704C4E307848
:10D4A000002810D1093419212000FFF757FD192257
:10D4B00021002C0009342000F5F7D6FE3078401CFE
:10D4C0003070032001E0FFF791FFC0B270BD000093
:10D4D000E73C000838B500221000100011000124BC
:10D4E0003C4D2978214217D02978C9B249082142F8
:10D4F00013D06868FFF77AFD6968497EC0B2FFF70C
:10D50000A7FDC0B2012805D16868297AFFF73DFD63
:10D51000200002E0042000E00220C0B232BD000082
:10D52000B039000830B50100002210002A4B1C78E9
:10D530000D00EDB2AC4206D01970C9B2012901D17B
:10D54000100000E00120C0B230BD0000EC3C00083B
:10D5500070B5050000201F4C200029002422F5F79B
:10D5600069FE0126617830000840C0B2FFF7DAFF9B
:10D57000012803D120780643267003E02078FE219D
:10D5800001402170154E3078002810D1093419213E
:10D590002000FFF712FD192221002C000934200081
:10D5A000F5F762FE3078401C3070032001E0FFF791
:10D5B00091FFC0B270BD0000E53C0008D4390008FE
:10D5C000ED3C0008E63C0008F8390008EE3C000895
:10D5D000E83C00081C3A0008EF3C0008E93C000861
:10D5E00000B5BFF34F8FA048A0490860BFF34F8F2D
:10D5F00000BFFDE780B5D9480078012802D170202E
:10D60000F7F7C4FA01BD80B5D5490120F7F7CBFF84
:10D610000022D4490120F8F769F801210120F8F728
:10D6200042F801210120F8F71FF80322012101200F
:10D63000F8F783F801BD38B504000D0000206946F5
:10D6400008702800C0B2002805D1002046E0012063
:10D65000F7F7C2FE6D1E2800C0B2002839D02000A6
:10D66000C0B2282825D0412819D06C281CD06F289A
:10D6700010D0712809D0732802D093281ED022E040
:10D6800069467320F7F745FA1DE069467120F7F700
:10D6900040FA18E069466F20F7F73BFA13E0694655
:10D6A0004120F7F736FA0EE069466C20F7F731FAB9
:10D6B00009E069462820F7F72CFA04E06946932030
:10D6C000F7F727FAFFE7684600780128BFD1012065
:10D6D00004E02000C0B2F2F7D7FE002032BD1CB536
:10D6E000212401A8801CD9490A88028001A8D849B0
:10D6F0000A88028000A8801CD6490A8802806846F1
:10D70000D5490A88028001217220F7F71DFA072007
:10D71000F7F762FE1E217320FFF78DFF002809D165
:10D720000220F5F773FC01210143C9B20220F5F78D
:10D7300067FC07E00220F5F769FCFE2101400220AA
:10D74000F5F75EFC0121A820F7F7FEF901219B20E7
:10D75000F7F7FAF901219A20F7F7F6F91420F7F70D
:10D760003BFE0220F7F738FEF2F78AFC00F018FBC8
:10D77000F8F70EF801216820F7F7E6F901216B2090
:10D78000F7F7E2F901210220F7F7DEF90A20F7F7AF
:10D7900023FE01215A20F7F7D7F901216E20F7F770
:10D7A000D3F91E212820FFF746FF1E219320FFF703
:10D7B00042FF3C20F7F710FE01A8801C0123421C09
:10D7C00001782000C0B2F7F7FFFF01A80123421C37
:10D7D00001782000C0B2F7F7F7FF00A8801C0123F2
:10D7E000421C01782000C0B2F8F70CF8684601230B
:10D7F000421C01782000C0B2F8F704F81E216F2007
:10D80000FFF719FF0A20F7F7E7FD01212920F7F7B5
:10D810009BF901219020F7F797F90220F7F7DCFD3B
:10D8200001211920F7F790F901219820F7F78CF9D9
:10D830000220F7F7D1FD01216420F7F785F90A20CE
:10D84000F7F7CAFD0120F2F7B1FD6320F2F7AEFE53
:10D85000012807D1012204210220F2F7D3FE002083
:10D86000F2F7A4FE072016BD0400FA050CED00E057
:10D8700010B5040000211920F7F766F9002198205F
:10D88000F7F762F900212920F7F75EF900219020CF
:10D89000F7F75AF900214220F7F756F900216420E2
:10D8A000F7F752F900216E20F7F74EF900212920F1
:10D8B000F7F74AF900219020F7F746F900202749A9
:10D8C000087000217020F7F73FF90320F7F784FD77
:10D8D000E4B2012C03D000216820F7F735F90021CC
:10D8E0006B20F7F731F900210220F7F72DF901211C
:10D8F000A820F7F729F901219B20F7F725F9012145
:10D900009A20F7F721F900217220F7F71DF963201B
:10D91000F2F74CFD012803D1F7F74EFF00F078FA3B
:10D9200000213B20F7F710F900214020F7F70CF910
:10D9300000216320F7F708F900215920F7F704F9CF
:10D9400000217020F7F700F90020F2F72FFD0022E8
:10D950000A210120F2F756FE002010BDF33C00081A
:10D9600074230008F5D5011038B505000022002108
:10D970000020FEF749FA554C2A00D2B22178002047
:10D98000FEF7FCFF0020F2F7F5FD2A00D2B2217865
:10D990000020FFF76FF80520FFF76AFF052032BD72
:10D9A00038B505000020002200210020FEF72CFAE7
:10D9B000464C2A00D2B221780020FEF7DFFF00207B
:10D9C000F2F7D8FD2A00D2B221780020FFF752F8F2
:10D9D0000120C0B232BD70B5040000252E00F2F760
:10D9E0004DFD417A0800C007C00F2843C0B201288E
:10D9F0001DD1002200210020FEF706FA334D22003F
:10DA0000D2B229780020FEF7B9FF0020F2F7B2FD6C
:10DA10002200D2B229780020FFF72CF83000C0B2E3
:10DA2000FFF726FF0120F2F7C1FD05200BE00120E2
:10DA3000F2F7BCFD012204210220F2F7E3FD2000F1
:10DA4000C0B2FFF7ADFFC0B270BD0000CE30011014
:10DA500032320110823201109E3C011010B50300D9
:10DA600008001B490B70194C2270097800290AD054
:10DA700001290DD002290FD0032912D0042915D075
:10DA8000072918D01CE00020FFF7F2FE207017E0F5
:10DA9000FFF725FE207013E0C0B2FFF765FF20708E
:10DAA0000EE0C0B2FFF797FF207009E0C0B2FFF7A9
:10DAB00092FF207004E01920F7F78EFCFFF790FD2D
:10DAC000207810BD0148007870470000F53C000840
:10DAD000F43C00080020C043034908600349086083
:10DAE00000200349086070470018264004182640AB
:10DAF0000810264043490A680860704742490A688E
:10DB00000860704741490A680860704740490A68E0
:10DB100001239A43C0B20300DB07DB0F13430B6002
:10DB200070473B490A6810239A43C0B20001102392
:10DB3000184010430860704735490A68354B134058
:10DB4000C0B20002802252001040184308607047A3
:10DB50003148016801220A430260704710B5FAF7A4
:10DB6000EFFF040000F024F80020FFF7C3FFFA20C5
:10DB7000C001FFF7C3FF0020FFF7C4FF0020FFF73D
:10DB8000C5FF0120FFF7CDFF0020FFF7D5FF00F014
:10DB900004F82000FAF7D8FF10BD80B5FAF7D0FFDF
:10DBA0001E490A68032313430B60FAF7CDFF01BD3A
:10DBB00080B5FAF7C5FF19490A6803239A43012380
:10DBC00013430B600A6803239A43022313430B6039
:10DBD000FAF7BAFF01BD80B5FFF7EAFF1048016808
:10DBE000802212060A430260FFF7D7FF01BD80B50D
:10DBF000FFF7DEFF0A480168490049080160FFF7A6
:10DC0000CCFF01BD04C0264008C026400CC0264001
:10DC100010C02640FFFEFFFF44C0264040C0264003
:10DC200000C0264080B5FFF7C3FFFFF791FFFFF765
:10DC3000B4FF01BDF8B501280DD002285ED004283C
:10DC400063D0082862D0102861D020286DD04028E9
:10DC500000D1A3E0A3E0F5F7B9F9012814D1002021
:10DC6000F5F7B7F9614C624D2878F2F7DFFD2060D7
:10DC7000604E31002878F2F785FE2268521C310090
:10DC80000120FCF7A9F938E0584D5B4F584C3A6831
:10DC90005A4801782078F3F731FB28602078D128A2
:10DCA00010D1F5F771FE0100524D20782870402206
:10DCB0006C1C2000F5F7D8FA412229000120FCF75E
:10DCC0008BF91AE04B4E3868009033004C480278CC
:10DCD0004A4801782078F3F7F3FB2868002806D13A
:10DCE0002A68D21C31000120FCF776F905E02A6889
:10DCF000D21C31000120FCF76FF950E08022520065
:10DD000040490120FCF782F949E048E047E043211F
:10DD10000022384C25002800F5F7B0F98022520087
:10DD200021000120FCF758F939E0364C2078F4281E
:10DD30002CD02F4E20783070607830490870A07851
:10DD40002F4908702C4D29000120FCF779F928682B
:10DD500004280DD32078E42805D12A6821003078E2
:10DD6000F3F7A6F804E02A6821003078F4F7FAF90E
:10DD700080256D002900002226003000F5F77EF98D
:10DD80002A0021000120FCF741F906E0207818491B
:10DD9000087019490120FCF753F900E0FFE7F1BDD5
:10DDA00010B5194992200870912048707120C870F0
:10DDB0000120FCF72DF88024640022001149012085
:10DDC000FCF724F922000B490120FCF705F9002299
:10DDD00001210120FCF766F90C490120FCF746F906
:10DDE00001210120FCF753F810BD0000D03B0008D2
:10DDF000A33C0008A4380008CC3B0008A43C000861
:10DE0000A53C00085C3000085823000835DC0110F0
:10DE100080B50120FCF71FF801BD00001749184A22
:10DE200012780B685A4380B2101808600868154AC7
:10DE30001278D0400860086880B270471249104AD2
:10DE400012780B685A4380B21018086008680D4AAF
:10DE50001278D0400860086880B270470B49084AC1
:10DE600012780B685A4380B2101808600868054A97
:10DE70001278D0400860086880B27047003C000803
:10DE80004FA40110A6A40110043C0008083C00089F
:10DE9000F4B5D3B0002214001400140014000CE0F8
:10DEA000539D2600F6B27600AF5B0A256F436E469F
:10DEB0002500EDB26D007753641C1D002600EDB205
:10DEC000F6B2B542ECD26C4605000E88ADB2B54252
:10DED00003D2D2B25000205E45E002001D00EDB238
:10DEE0006D004D5B92B2AA423AD21D00EDB26D08B0
:10DEF00000E06D1E02002B00DBB25B00CB5A92B239
:10DF00009A42F6D302002B00DBB25B00CB185B8891
:10DF100092B29A4201D36D1CF4E780B22A00D2B2C9
:10DF200052008A5A801A2A00D2B25200A218022342
:10DF3000D25E2B00DBB25B00E35ED21A50432A00B4
:10DF4000D2B252008A1852882B00DBB25B00C95A49
:10DF5000511AF5F799FCEDB26900615A401802E0D8
:10DF6000DBB25800205E00B254B0F0BDFBB5060035
:10DF70001700002000200520694608808C488D4944
:10DF800009880288914202D38B4804880FE08949AE
:10DF900009880088814208D286480088C9490988D2
:10DFA000884202D38448048801E0C7480488F5F712
:10DFB0004BFEC648017800290FD101210A000270EA
:10DFC000C34801706846008D6946098C4843C149C1
:10DFD000F5F75DFC7749088078E2BD4D099829780E
:10DFE00001290BD000D271E2032900D1C2E042D353
:10DFF000052900D1F3E100D24EE167E2300000B222
:10E000006946898809B2884208DB3000391900B2B4
:10E0100009B2884202DA0220287028E0300000B2FB
:10E020006946898809B2884205DB3000391900B297
:10E0300009B2884211DB381936B200B2864206DBDB
:10E04000F5F702FE0A30FA21890080B288420420E6
:10E0500028700020A049088009E06846008D6946C4
:10E06000098C48439B49F5F712FC5249088000206F
:10E07000F4F7D6FF2AE231003A1909B212B29142FE
:10E0800024DB694609890919320009B212B29142AA
:10E090001CDB032028700120B7490870B7480680B0
:10E0A000B7480088A4B2B6B2A11BBFB2C9196A466C
:10E0B0001288514340183F490880F5F7C5FD0A30E2
:10E0C000FA21890080B2884250D34FE0694609891D
:10E0D0000919320009B212B291421DDA6946098962
:10E0E0000919CC4A12888918320009B212B2914239
:10E0F00012DB0320287001209F4908709F4806808A
:10E1000032202C490880F5F79FFD0A30FA2189005A
:10E1100080B288422AD329E0694609890919BD4A93
:10E120001288891809B236B2B14207DA0021924A40
:10E130001170052129701F49088017E06846008D7D
:10E140006946098C48436349F5F7A1FB19490880E2
:10E15000F5F77AFDFA218900020092B28A4200D3D3
:10E160000800010089B20D20F5F78AFD0020F4F7C0
:10E1700057FFABE1310009B26A46928812B2914270
:10E180001CDB31003A1909B212B2914216DA0020B2
:10E1900079490870022028706846008D6946098C0C
:10E1A00048434C49F5F773FB0249088070E000BF13
:10E1B000A2A30110763C00089689011069460989DE
:10E1C0000919944A12888918320009B212B2914290
:10E1D00007DA0021684A117005212970CC490880AE
:10E1E00056E0654D2878012852D13000391900B227
:10E1F00009B288422BDB684600890019310000B261
:10E2000009B2884223DB300000B25C490022895EFB
:10E21000401AFCF70EF9052819D301202870574839
:10E22000068057480088210089B2320092B2891ACC
:10E23000BFB2C9196A46128851434018B4490880D0
:10E24000F5F702FD0A30FA21890080B2884268465B
:10E2500000890019310000B209B2884218DA684614
:10E26000008900196B4909884018310000B209B2D1
:10E2700088420DDB01202870404806803220A449E6
:10E280000880F5F7E1FC0A30FA21890080B2884263
:10E290000120F4F7C5FE19E10F490A88521C0A80D3
:10E2A000320012B26B469B881BB29A4216DB3200D8
:10E2B0003B1912B21BB29A4210DA002008800120EA
:10E2C000287088E0EAA00110EE580110F73C000821
:10E2D000F83C0008FF030000743C00080A880A2A82
:10E2E00079D300220A80310009B26A46928812B2BC
:10E2F000914208DB31003A1909B212B2914202DAB6
:10E300000220287067E031003A1909B212B2914236
:10E3100024DB694609890919320009B212B2914217
:10E320001CDB032028700120134908701348068065
:10E3300013480088A4B2B6B2A11BBFB2C9196A467D
:10E3400012885143401872490880F5F77DFC0A3065
:10E35000FA21890080B288423DD33CE069460989B0
:10E360000919320009B212B2914225DA69460989C7
:10E370000919284A06E000BFF93C0008783C00086B
:10E38000AE9A011012888918320009B212B2914275
:10E3900012DB032028700120904908709048068005
:10E3A00032205B490880F5F74FFC0A30FA218900DA
:10E3B00080B288420FD30EE06946098909B2A4B23F
:10E3C0000919144A1288891836B2B14203DA0521B4
:10E3D00029704F4908800020F4F722FE76E0694654
:10E3E00009890919320009B212B2914231DB7D4824
:10E3F0000188491C018001880A291CD30021018061
:10E4000003202870012075490870754806807648F9
:10E4100002E000BF8E5701100088210089B232004F
:10E4200092B2891A3A0092B289186A461288514308
:10E43000401837490880381936B200B2864241DBAD
:10E44000F5F702FC0A30FA21890080B2884239D3FC
:10E4500038E0694609890919320009B212B29142BD
:10E460002BDA6946098909199D4A128889183200F0
:10E4700009B212B2914220DB5A480188491C01803E
:10E4800001880A290BD30021018003202870012074
:10E49000524908705248068032201D4908803819B8
:10E4A00036B200B286420DDBF5F7CEFB0A30FA2118
:10E4B000890080B2884205D304E00021494A1180D6
:10E4C000134908800020F4F7ABFDFFE7854C1048A6
:10E4D000008860436946098CF5F7D9F9010089B2D3
:10E4E000002901D1002005E0010089B2A14201D339
:10E4F0002000FFE701006A46128D89B2914201D3E4
:10E500006846008D78490978090480B20818FEBD74
:10E51000763C00083EB5050008001C0080B292B2AF
:10E520005043212148437149F5F7B1F92900C9B297
:10E5300001290BD101216E4A1170A5236D4A6E4944
:10E5400080B2FFF7A5FC6D4908801DE02900C9B223
:10E5500002290BD10221664A1170A523654A66493A
:10E5600080B2FFF795FC654908800DE0EDB2032D00
:10E570000AD103215E4A1170A5235E4A604980B228
:10E58000FFF786FC5D4908805C480021415E012957
:10E5900008DA574901224A700022825E594B5A43D9
:10E5A0004A8004E0524900224A7002884A80A4B29C
:10E5B00002945549098801915449098800915449A8
:10E5C0000B8854490A88544909880024005FFFF7E2
:10E5D000CDFC3EBD4648006870470000F93C00088D
:10E5E000783C0008743C0008AE9A0110F8B50500AC
:10E5F0000F00380080B292B25043212148433B497A
:10E60000F5F745F906002800C0B201280FD13800FF
:10E6100080B2F2F7C5F8012035490870A523354AC4
:10E620003549300080B2FFF733FC040022E02800B7
:10E63000C0B202280FD1380080B2F2F7B1F8022040
:10E640002B490870A5232B4A2B49300080B2FFF7D5
:10E650001FFC04000EE02800C0B203280AD10320EA
:10E6600023490870A523234A2549300080B2FFF7CB
:10E670000FFC04001E480178012902D0017802290C
:10E6800014D1200000B2012808DA2A00D2B21D49B4
:10E69000614389B20120F2F794F81EE02A00D2B259
:10E6A000210089B20020F2F78CF816E000780328E8
:10E6B00013D1200000B2012808DA2A00D2B2114991
:10E6C000614389B20120F2F773F806E02A00D2B262
:10E6D000210089B20020F2F76BF8200000B2F2BDF1
:10E6E0008E570110FF030000F83C0008F69F000061
:10E6F000FC3B00083C2A0008A42700087A3C0008DC
:10E70000F0280008FFFF0000FEA301104E8B01104F
:10E7100096530110BA4B01104241011010B501008F
:10E7200000200200002905D004229D4C2000F4F7AF
:10E730009BFD0120C0B210BD80B502001000C0B228
:10E74000022806D2D2B205210320F1F75BFF012097
:10E7500000E00020C0B202BD80B50100C9B20229AC
:10E7600004D2C0B2F1F7E2FE012000E00020C0B206
:10E7700002BD10B5040000F06CFB01281CD1E4B20E
:10E78000012C3AD1012000F015FD0120F1F7E6FE41
:10E79000012205210320F1F735FF82480178002985
:10E7A00006D10121804A11700178491C017024E0D2
:10E7B00000207D49087020E0002000F0FBFC0020D4
:10E7C000F1F7CCFE77480178012913D10121BD4A28
:10E7D000137A0C00234208D052780A4205D1022154
:10E7E000714A11700021017007E000216E4A11701A
:10E7F000017002E000206C4908706B48007810BD81
:10E8000010B567480178C90708D54178AE4A11703C
:10E810000178FE220A40027000214170032100228B
:10E82000441C2000F4F72AFC10BD10B500F04CFC8D
:10E8300001281CD1FDF744F8002818D0012200213E
:10E840000320F1F7DFFE002208210120F1F7DAFEB4
:10E850009E4C2000FDF76AFB012808D1207820217A
:10E8600001432170002020742000FDF76DFB10BDD6
:10E8700078B589B00024200020002025290022003E
:10E880006846461C3000F4F7F9FB00F068FB060010
:10E8900000F0C2FBF6B2012E02D0C0B2012826D190
:10E8A000012203210320F1F7ADFE01220421032000
:10E8B000F1F7A8FE6846FDF739FB01280DD1B24EED
:10E8C0003078002809D1684601780D43057004743A
:10E8D0006846FDF739FB0120307000220821012035
:10E8E000F1F790FE00220E210120F1F78BFE0AB015
:10E8F00070BDF8B52025290000242200734E771C36
:10E900003800F4F7BBFB00F06BFA012838D1FCF7B4
:10E910004BFE012810D16B48012142780B001A42AE
:10E9200007D10078084204D1012208210120F1F723
:10E9300069FEFDF791F831E0012200210320F1F793
:10E9400061FE002208210120F1F75CFE6320FDF743
:10E95000A5F8012807D10020FDF7A0F80122042125
:10E960000320F1F74FFE3000FDF7E0FA012815D142
:10E9700030780543357034743000FDF7E5FA0DE06A
:10E980005048012142780B001A4207D10078084212
:10E9900004D1012208210120F1F734FEF1BD00006D
:10E9A000B03B0008923C0008913C000880B500F0A4
:10E9B000AEFA012812D1FCF74DFD01280ED101223B
:10E9C00001210320F1F71EFE00220E210120F1F7A4
:10E9D00019FE012204210320F1F714FE01BD38B510
:10E9E00002252800B54C2078002803D0022854D0F6
:10E9F00028D364E000F08BFA012802D101202070B6
:10EA00001FE030484179002915D081798907890FA5
:10EA1000002910D001214278D2B292090B001A428B
:10EA200009D10078C0B24008084204D101220E2169
:10EA30000320F1F7E7FDFCF7A9FFFCF7EEFF00204C
:10EA400020703EE0FCF7B2F90100C9B2012901D102
:10EA5000257021E0C0B200281CD11A484179002954
:10EA600015D081798907890F002910D001214278BA
:10EA7000D2B292090B001A4209D10078C0B2400804
:10EA8000084204D101220E210320F1F7BBFD002032
:10EA9000207001E00120207013E0012201210320F9
:10EAA000F1F7B0FD00220E210120F1F7ABFD0122AC
:10EAB00004210320F1F7A6FD0020207001E00020D2
:10EAC000207031BDEC320008A82B00084439000842
:10EAD00038B5F1F7D3FC0100A14C2000C622F4F7B1
:10EAE000C3FBFFF78DFE0125207A284203D0FCF7F7
:10EAF00024FFFCF7A3FE6320F1F758FC012842D164
:10EB00009848007801283ED16320F1F765FC012880
:10EB100039D0207A28422CD0FFF7AAFE6320F1F7E3
:10EB200029FD01281AD1FCF7A5FEFFF758FFFFF7D2
:10EB30007CFE8D480178042904DB00210170FFF779
:10EB4000D8FE02E00178491C01701E212820FEF742
:10EB500072FD1E219320FEF76EFD14E000220821B5
:10EB60000120F1F74FFD00220E210120F1F74AFDAF
:10EB700009E0002208210120F1F744FD00220E21C6
:10EB80000120F1F73FFD31BD953C0008F0B589B09B
:10EB9000002630007548018865295FDB20242100AC
:10EBA00032006846451C2800F4F768FAF1F766FC65
:10EBB00001006B4F3800C622F4F756FB6C48012564
:10EBC000397A2A000A400178D2B28A4203D0397ACF
:10EBD0002A000A4002700078FFF7CBFD0100C9B29D
:10EBE000012917D16846FDF7A1F9012807D1684628
:10EBF00001780C43047006746846FDF7A5F90122FC
:10EC000004210320F1F7FEFC002208210120F1F786
:10EC1000F9FC26E0C0B2022823D16846FDF786F948
:10EC200001281ED16E46307804433470307C397A26
:10EC30002A000A40024332746846FDF785F93078AD
:10EC4000042101433170B8798007800FF071787921
:10EC5000307275726846FDF777F902E00188491C49
:10EC6000018009B0F0BD80B56320F1F79FFB01285A
:10EC70000AD13B48007AC00706D56320F1F77AFC39
:10EC8000012801D1FFF792FE01BD80B53949052069
:10EC9000F6F789FC002238490520F6F727FD012107
:10ECA0000520F6F700FD01210520F6F7DDFC032223
:10ECB00001210520F6F741FD01BD0000943C00084C
:10ECC00080B52E490920F6F76EFC00222C49092058
:10ECD000F6F70CFD01210920F6F7E5FC01210920DA
:10ECE000F6F7C2FC032201210920F6F726FD01BD3B
:10ECF00080B524490D20F6F756FC002222490D204C
:10ED0000F6F7F4FC01210D20F6F7CDFC01210D20D2
:10ED1000F6F7AAFC032201210D20F6F70EFD01BD36
:10ED200010B503210022194C2000F4F7A7F9184B65
:10ED3000184A1949194800F00AF900F051FB18481F
:10ED400000F042FAFFF7A1FFFFF7BAFFFFF7D0FF8D
:10ED500001201449087010BD012012490870704745
:10ED6000EC320008A82B0008933C00083A3C00084D
:10ED7000903C00088C230008D1EA0110742300089D
:10ED80008DEB01106823000867EC0110B13B00080F
:10ED9000B5F1011059E7011039E70110AD03011079
:10EDA0002D0501108F3C00087047000010B50300CE
:10EDB000080014001900C9B2102901D3C0B20EE036
:10EDC0002100C9B2012908D12100C0B2C9B28842CC
:10EDD00003D01800C0B2F1F799FB2000C0B210BDFB
:10EDE0001CB500246846047069464120F5F791FE81
:10EDF00068460078002816D185480178491C0170C2
:10EE0000017805291FD10470824C0122207801006D
:10EE1000C907C90F0020FFF7C9FF2178FE220A4069
:10EE2000104320700FE07A4804707A4C002220785A
:10EE30000100C907C90F0020FFF7B8FF2178FE22A3
:10EE40000A4010432070734801780800C007C00FC3
:10EE500016BD7CB5002420006946087069466C2008
:10EE6000F5F757FE68460078002824D1A64D28887B
:10EE7000401C2880288804281AD10120F4F7C6F8FD
:10EE800001210143C9B20120F4F7BAF8614E012211
:10EE90003078C0B240090100C907C90F0520FFF74B
:10EEA00085FF3178DF220A404001104330702C800A
:10EEB0009648048022E0954D2888401C28802888A8
:10EEC000322819D10120F4F7A1F8FE2101400120D8
:10EED000F4F796F84F4E00223078C0B24009010096
:10EEE000C907C90F0520FFF761FF3178DF220A400B
:10EEF0004001104330702C808348048045480078DE
:10EF00000100C9B249090800C007C00F76BD38B575
:10EF100000252800694608702C0069466220F5F734
:10EF2000F8FD6846007800280BD17948018805294A
:10EF300002DA0188491C01800088052804D10124D7
:10EF400002E0734805802C002000C0B232BD10B42E
:10EF5000704C20606160A260E36010BC704770B5C7
:10EF60006D4C211D3D20F5F7D4FD6C4D287800280F
:10EF700002D0012815D041E02079002807D10121D5
:10EF80004020F5F7E1FD00206549087006E000210A
:10EF90004020F5F7D9FD0120614908700120287053
:10EFA0002CE05F4800782179884203D12088401CFA
:10EFB000208002E0002020802870208814281CD1A6
:10EFC0000120F4F723F802210143C9B20120F4F72C
:10EFD00017F8104E01223078C0B2C0080100C907EE
:10EFE000C90F0320FFF7E2FE3178F7220A40C00084
:10EFF00010433070002020802870FFE7054800781B
:10F000000100C9B2C9080800C007C00F70BD0000E8
:10F01000D93C0008DC3B000870B53F4C611D3C202A
:10F02000F5F777FD3F4D2878002802D0012815D04C
:10F0300041E06079002807D101213B20F5F784FDEC
:10F0400000203949087006E000213B20F5F77CFDDF
:10F05000012035490870012028702CE032480078E2
:10F060006179884203D16088401C608002E0002002
:10F0700060802870608814281CD10120F3F7C6FF37
:10F0800004210143C9B20120F3F7BAFF274E012240
:10F090003078C0B2C0080100C907C90F0320FFF7CC
:10F0A00085FE3178F7220A40C000104330700020FE
:10F0B00060802870FFE71D4800780100C9B2C908C8
:10F0C0000800C007C00F70BD38B50025280069468C
:10F0D00008702C0069466F20F5F71BFD6846007824
:10F0E00000280BD112480188052902DA0188491C41
:10F0F00001800088052804D1012402E00C48058025
:10F100002C002000C0B232BD6C3C00086E3C0008F0
:10F11000703C00086C3B0008A03B0008D73C00088E
:10F12000DA3C0008D83C0008DB3C0008DC3B000867
:10F13000723C000838B5314C0C20F1F795F920707D
:10F140002078002813D02078052810D020780128B6
:10F150000DD0207802280AD02078032807D001217A
:10F160006B20F5F7F1FC01210220F5F7EDFC244CB2
:10F1700063202168884701281BD122480078002895
:10F1800017D1214D2878002802D0022803D00EE0A4
:10F19000022028700DE06B20F5F7F8FC0220F5F74F
:10F1A000F5FC0020216888470020287001E000203D
:10F1B000287031BD00B50100C9B2632901D01149E1
:10F1C00008701048007800BD80B50D4908600F49EF
:10F1D0000420F6F7E8F900220D490420F6F786FA34
:10F1E00001210420F6F75FFA01210420F6F73CFA2A
:10F1F000032201210420F6F7A0FA01BDF23C000829
:10F20000F83B0008F13C0008F03C000880230008AF
:10F2100035F101107CB50024684604808C4E3078AE
:10F22000002806D0022857D039D3032800D189E01E
:10F23000B9E0BF4D2A006946002000F09CFBE87849
:10F24000012806D168460088BA490988401A8149D0
:10F250000880684604802A006946802000F08BFB05
:10F26000E878012803D168460088B34908806846D9
:10F2700004802A006946812000F07DFBE87801289F
:10F2800003D168460088AB490880AC4880780028E4
:10F2900002D1512000F059FB0120307084E0A44CD1
:10F2A00022006946512000F066FBE078012806D173
:10F2B000684600889F490988401AA14908809F48EC
:10F2C0008078002805D1032000F03FFB042000F0E7
:10F2D0003CFB0220307067E0954D2A006946032010
:10F2E00000F049FBE878012803D168460088954979
:10F2F0000880684604802A006946042000F03BFB31
:10F30000E878012803D1684600888F4908808E4834
:10F3100000888C490988401A8C4908808748807881
:10F32000002805D1862000F010FB872000F00DFB9F
:10F330008748008887490988401A87490880032040
:10F34000307031E07A4D2A006946862000F013FBC8
:10F35000E878012803D1684600887D49088068461E
:10F3600004802A006946872000F005FBE878012820
:10F3700003D1684600887749088070488078002863
:10F3800008D1002000F0E1FA802000F0DEFA8120B0
:10F3900000F0DBFA6E4800886E490988401A6E4911
:10F3A0000880347000E0347073BD2A4800887047CC
:10F3B0006348008870476548008870476648008841
:10F3C000704710B5654C5C4800885A490988401A56
:10F3D0000A2148432121F4F75AFA2080208810BDE1
:10F3E00080B55F490620F6F7DEF800225D49062069
:10F3F000F6F77CF901210620F6F755F901210620E0
:10F40000F6F732F9032201210620F6F796F901BD3D
:10F41000E0B5554803C86A4603C2083A6946302039
:10F42000F5F733FB69463320F5F72FFB69463420A7
:10F43000F5F72BFB69469720F5F727FB69469620E1
:10F44000F5F723FB69466D20F5F71FFB07BD0000AC
:10F45000843C0008203C000838B500252800FFF750
:10F46000D7FF424C2100002000F0B6F92100012016
:10F4700000F0B2F92100022000F0AEF92F4C257007
:10F480002100002000F0E2F90121002000F032FA12
:10F49000032020702100032000F0D8F9012103206F
:10F4A00000F028FA042020702100042000F0CEF99A
:10F4B0000121042000F01EFA1120207021005120AB
:10F4C00000F0C4F90121512000F014FA0620207048
:10F4D0002100862000F0BAF90121862000F00AFA06
:10F4E000072020702100872000F0B0F9012187203B
:10F4F00000F000FA3F2020702100802000F0A6F9E3
:10F500000121802000F0F6F93E20207021008120AA
:10F5100000F09CF90121812000F0ECF9802000F03E
:10F5200014FA812000F011FA002000F00EFA31BD2B
:10F53000A83B0008323C0008303C0008E0220008EC
:10F540002E3C0008223C0008243C00082A3C00080D
:10F55000283C0008263C00082C3C0008343C0008ED
:10F560008023000815F20110E81502104C3C000839
:10F5700000B5C0B2002804D0012808D003280BD061
:10F580000FE0202901D3012000E0002000BD102958
:10F5900001D30120FAE7F8E7082901D30120F5E7B4
:10F5A000F3E70120F2E770B505000C00160021001A
:10F5B0002800C0B2FFF7DCFF012801D1012012E0D2
:10F5C0002800C0B2002811D1FF2E0DD89B48A10001
:10F5D000401801689A4A0A403102FF231B020B407F
:10F5E00013430360002070BD0120FCE7EDB2012D44
:10F5F00011D18020400286420BD29248A1004018CF
:10F600000168914A0A403102B24B0B401343036038
:10F61000E8E70120E7E70120E5E770B505000C0009
:10F62000160031002000C0B2FFF7A2FF012801D16F
:10F63000012014E0A8482900C9B289004158A74A0E
:10F640000A40E4B22302C021890019401143FF227D
:10F650009143F2B20A43EDB2A9004250002070BDBE
:10F6600038B505000C0021002800C0B2FFF780FF6C
:10F67000012801D1012019E0994801688022120671
:10F680000A43C02189041143FF2212040A43934B09
:10F690001340EDB22A02C021890011401943FF2214
:10F6A0009143E2B20A4302600068002032BD7EB599
:10F6B0000100002002006A468A4B70CB70C20C3BEE
:10F6C0000C3A0A00D2B2032A04D26846C9B28900B1
:10F6D0004058FFE77EBD00B50100C9B28909800628
:10F6E000800EC9B2002903D0022919D00CD323E01F
:10F6F0000100C9B2192905D27B49C0B20C2250437E
:10F70000081800E0002018E00100C9B2212905D244
:10F710007649C0B20C225043081800E000200CE0EB
:10F720000100C9B2092905D27149C0B20C22504367
:10F73000081800E0002000E00020002804D0016844
:10F74000002902D1002000E0002000BD00B5C0B2B9
:10F75000002803D0022805D002D305E01C2004E0D5
:10F760001D2002E01E2000E00020C0B200BD38B520
:10F770000F220121C0B2FFF750FF904D28680028EA
:10F7800029D1002000906846F7F714FC00988C49B6
:10F7900040188C49F4F77BF80400621E0F21012009
:10F7A000FFF701FF0F210120FFF75AFF009821000A
:10F7B000F4F76DF80021962292000023FAF720FE5C
:10F7C000814A002312184B41100019007F4A002380
:10F7D000F6F728FF286031BD3EB504000D0000207B
:10F7E0002000C0B2FFF763FF0200002A01D0002D05
:10F7F00001D104201FE0764803C86B4603C3083BD1
:10F80000684629780170697841706946100000F0F7
:10F81000E3F800280ED12000C0B2FFF797FF0100E7
:10F82000C9B2002904D0C0B2FFF7A1FF012002E055
:10F83000042000E00420C0B23EBD000000100040E3
:10F84000FF00FFFF00140040FF0000FFF0B589B08B
:10F850000D0000242100C0B2FFF73DFF002801D0B9
:10F86000002D01D1042031E00668807969460870D6
:10F870002022584901AF3800F3F7F6FC01A8A97817
:10F880000170297841716978C170C178012902D16C
:10F890000121817600E08476484909688181E97810
:10F8A000417429790175E988C1822989018301A9F7
:10F8B000684600788001301880221201801800F01C
:10F8C000EFF8002801D1012000E00420C0B209B007
:10F8D000F0BD000000FFFF00000C0040FFFCFFFF38
:10F8E0000004004080150210E01F000800210008FD
:10F8F0008022000810B50C000021C0B2FFF7EBFE1B
:10F9000000281FD02100C9B2012903D02100C9B2AB
:10F91000002917D101688079E4B2012C08D1C0B266
:10F920008001081880210901401800F0B3F907E0B0
:10F93000C0B28001081880210901401800F0B0F918
:10F94000012000E00420C0B210BD80B50021C0B28B
:10F95000FFF7C1FE002801D104200AE00168807988
:10F96000C0B28001081880210901401800F09EF9FA
:10F970000120C0B202BD38B50C0015000021C0B294
:10F98000FFF7A9FE002805D02100002902D02A0097
:10F99000002A01D104200EE003688079C0B2800102
:10F9A000181880231B01C01800F086F9002801D127
:10F9B000012000E00420C0B232BD0000C83B0008B6
:10F9C000B0C66500608DCB000065CD1D00CA9A3BB6
:10F9D0001016021004140210F8B5020000231800DB
:10F9E000A74C2468002959D000920A781207120FF8
:10F9F000009D10352E680F27BE4332432A604A7897
:10FA0000FF25AC43D2B222438C78002C01D00124D4
:10FA100000E01C009B4D154024028022520014403F
:10FA20002C430122CE781640974D25407402802643
:10FA3000B60034402C430D79002D01D0160000E0B3
:10FA40001E00924D2540B4028026F60034402C431F
:10FA50004D79002D01D0160000E01E008C4D254090
:10FA600074078026B60534402C438D79002D01D0D3
:10FA7000160000E01E009F4D2540B4078026F605C5
:10FA800034402C43C979002901D01300FFE76200FC
:10FA90005208D9071143009A116000E09648F2BD60
:10FAA000F0B585B00C000025019594490E68944985
:10FAB0000968049193490968039193490F68934930
:10FAC00009680291002C00D1D4E00090009800F069
:10FAD000E7F802998020C000084380218900014393
:10FAE0008020400008430222024301210A430420EF
:10FAF0001043009A106120784007400F0722964378
:10FB0000304362785207520F7023984312017026D7
:10FB1000164006430322A37813407D4830401B0261
:10FB2000C026B6001E400643E078002801D00B0036
:10FB300000E02B0077483040DB028026360133405E
:10FB400003432079002801D0080000E028005B0072
:10FB50005B08C0071843009B186060798006800E20
:10FB6000049B3F26B3431843A3791340C026B043F8
:10FB70009B01C0261E400643E07943075B0F6648A1
:10FB800030401E02E023DB0033400343207A00288C
:10FB900001D00D00FFE75F4E1E40E80280231B01ED
:10FBA00018403043657A1540874B03402D03C02031
:10FBB000800128401843A57A1540844B0340AD03CB
:10FBC000C020000228401843A3891D052D0D804B3D
:10FBD00003402D047F4828401843A37B0B40450079
:10FBE0006D08D8072843009B5860E07B4007400F12
:10FBF000039B0725AB431843237C0B404025A843B8
:10FC00009B0140252B400343607C014080208343BF
:10FC1000C801802108401843A17C6F4B03400902B2
:10FC2000FF20000208401843E17CC906C90E6B4B57
:10FC300003400904F820400308401843217D0A408E
:10FC4000674901409205C020000410400843009914
:10FC50008860E08A390C090480B20843218B82B2A3
:10FC6000080410430099C86021001A31009800F080
:10FC700055F801E020480190019805B0F0BD000062
:10FC800038160210FFFEFFFFFFFDFFFFFFFBFFFF27
:10FC9000FFFFFFDF3830016801220A43026070472E
:10FCA0003830016801229143016070473C3001689F
:10FCB00001220A430260704710B5030000200029AA
:10FCC00016D0002A14D05B6A1C000C80190F0C009F
:10FCD000E407E40F1470990F0C00E407E40F94702C
:10FCE000590F0C00E407E40F5470D90FD17000E0F5
:10FCF000014810BDFFFFFFBF0100DA003C160210F3
:10FD00004016021044160210481602104C1602103B
:10FD1000FFFCFFFFFFF7FFFFFFF8FFFFF0B50A0052
:10FD200000231900304C2468002A49D05579002D51
:10FD300001D0012600E01E002C4D2540B402802693
:10FD4000F60034402C431579002D01D0012600E047
:10FD50001E00274D254074028026B60034402C43F7
:10FD6000D578002D01D0012600E01E00214D254050
:10FD700034028026760034402C435578002D01D083
:10FD8000012500E01D000226B4436D000226354027
:10FD900025431478002C01D0012400E01C0001262A
:10FDA0000127BD4334402C439278002A00D11E0025
:10FDB00004229443B20004231A402243826100E0EB
:10FDC00008490800F0BD0000FFCFFFFFFF3FFFFF25
:10FDD000FFFF00F00000FF0FFF00FFFFFFFFE0FF4D
:10FDE000FFFF3FFF0100DA0050160210FFFBFFFF8C
:10FDF000FFFDFFFFFFFEFFFF80480068410C080089
:10FE0000C007C00F704756480168490049080160A3
:10FE10007C480168490049080160704700B57A488C
:10FE200000688007800F002807D178480168802289
:10FE300012060A430260002000E0032000BD00B566
:10FE4000714909688907890F002908D16F490A6833
:10FE500001239A43C0B210430860002000E0032051
:10FE600000BD00B50100C9B2032901D3012009E09A
:10FE7000A749C0B2800008180168802212060A4310
:10FE80000260002000BD00B50200D2B2032A01D3F7
:10FE900001200CE09E4AC0B28000101802680F23B7
:10FEA0009A43C9B20907090F11430160002000BD40
:10FEB00000B50200D2B2032A03D20A00D2B2042A49
:10FEC00001DB01200DE0924AC0B2800010180268E8
:10FED00030239A43C9B2090130230B401343036016
:10FEE000002000BD8B490A688B4B13400002FF22A3
:10FEF000120202401A430A60704788490A681202D7
:10FF0000120AC0B2000610430860704783490A68AD
:10FF1000814B13400002FF22120202401A430A6082
:10FF2000704738B5040000210800207F012802D165
:10FF300002217B4D00E07B4D09B20120F6F730FC39
:10FF400029000120F6F7D2FC216A0120F6F738FEDD
:10FF5000C0B2002801D1012000E00220C0B232BDB1
:10FF60003015264070B500221100130014006E49B0
:10FF70000D680726B54304262E430E600D68F02653
:10FF8000B543C0262E430E600D68C026B6002E4332
:10FF90000E600D68C02636012E430E600D68634E5C
:10FFA0002E4080256D0135430D6015490D68802672
:10FFB00036062E430E60110000E0491C814206D235
:10FFC00001255B4E36682E40002EF6D12B0000E056
:10FFD000521C824207D20121554D2D686D080D40FB
:10FFE000002DF5D10C00DBB2012B04D1E4B2012CC1
:10FFF00001D1012000E00220C0B270BD08102640EF
:020000041002E8
:100000001C1526403C15264040C0264008152640B9
:1000100010B5040000200120FFF764FF0120FFF766
:100020006CFF0020FFF772FF2000FFF77AFF022825
:1000300001D102201CE001210020FFF724FF002154
:100040000020FFF735FF0020FFF70BFF0021022003
:10005000F6F7A6FBFFF7D7FEFDF7AAFDFFF7DEFEDA
:100060000120FFF7ECFEFDF798FD00F06FF801208E
:10007000C0B210BD70B504000025002C01D10424CD
:1000800042E0FDF7B4FD2B4A012011680323994398
:1000900001431160284913680B401360274A136815
:1000A0000326B3430343136013680B401360244AD1
:1000B00013680326B34303431360136819401160A8
:1000C00020490A680F239A43104308601E480168BC
:1000D000072291430160207F012803D1206AFFF7A6
:1000E00041FF0500207F012804D1EDB2012D01D090
:1000F000022403E02000FFF78BFF0400FFF77CFEE3
:10010000002801D000F07EF82000C0B270BD0000D1
:100110004012264008002040FF00FFFF081020404A
:100120008C1502109815021044152640FF8FFFFF12
:1001300024152640C4132040FFFCFFFF001320407D
:1001400080132040000024400015264038B586B0BA
:10015000684620491822F3F76DF86846F6F770FDF7
:10016000C0B200280AD018221B491C48F5F78EFFA0
:10017000DB201B4908600020F5F74AF9194C2000E4
:10018000F6F746FFC0B200280AD0182212491348D9
:10019000F5F77CFFDD20124908600020F5F738F9FB
:1001A000114D206828602868104940181049F3F75D
:1001B0006EFB10490870104C286810494018FA214D
:1001C0008900F3F764FB20602068C0030C490860D5
:1001D00007B030BDCC14021090100210243B000870
:1001E000C43B00080C3C0008103C00083F420F00D4
:1001F00040420F00FB3C0008143C0008E7030000ED
:10020000183C000810B5F8F79BFC0949074A136829
:100210000B40E824A4011C4314601368136813689E
:1002200019401160F8F790FC10BD0000081026403E
:10023000FF00FC0F10B5032100229C4C2000F2F7B8
:100240001DFF01209A49087010BDF8B58AB000253D
:10025000280098480078401E96490870F0F70EF97B
:100260000100954E3000C622F2F7FEFF914800785B
:10027000002800D018E1FEF7ADF9904B186018780F
:10028000012802D01878022805D11A7859885878A0
:10029000F0F797FA07E01878032804D11A785988FC
:1002A0005878F0F785FA864CFFF78BF82080854860
:1002B00005808448008871790843824908800325B5
:1002C00080480088B1792940C9B2090201437D48BC
:1002D0000180FFF770F80600FFF770F86946488064
:1002E000FFF766F869460880300080B2FDF796FD9A
:1002F00075490880754E68464088FDF79FFD30803F
:1003000068460088FDF7AAFD714908806E4800889C
:10031000318888422DD322886B4801880220FEF75D
:1003200065F96C4908806C4F694E2288318803203A
:10033000FEF75CF9388067480021405E0021795E55
:1003400088420BDB604801885E480388228889B2B6
:100350000220FEF7DFF86149086036E0318859482D
:100360000388228889B20320FEF7D4F85B4908602D
:100370002BE0228831880120FEF738F955490880A2
:10038000534F228839880320FEF730F952490880FC
:1003900050480021405E50490022895E88420ADBB5
:1003A000318848480388228889B20120FEF7B2F8D4
:1003B0004A49086009E0398842480388228889B29E
:1003C0000320FEF7A7F84549086041480088F0F788
:1003D000E4F9434E41480168090C3170414C006812
:1003E0002080F0F78DF801285BD13078032802D007
:1003F0003078052831D1012202210220F0F702F9DC
:10040000394F02223900200000F076F8002806D18A
:100410003648F0F7BDF8398880B281423ED2208854
:100420003880284800882188884237D301A8FBF704
:100430007DFD012832D101A8017804220A4302700F
:10044000218889B2090A0D40C571218801720121F4
:10045000417201A8FBF778FD20E0307802281DD119
:1004600023480178032902D00078052816D101A875
:10047000FBF75CFD012811D101A8017804220A4391
:10048000027010490A8892B2120A1540C571098893
:1004900001720121417201A8FBF756FD3078144921
:1004A00008701420034908700BB0F0BDB43B00087D
:1004B000983C0008AC2B0008B4330008BC3B000893
:1004C000423C0008443C00083C3C00083E3C00081C
:1004D000403C0008483C00084A3C0008B83B000883
:1004E000993C0008463C00089C2B00080F270000A0
:1004F0009A3C000870470000A446521E08D30378B7
:100500000C78401C491CA342F7D0181B6446704766
:1005100000206446704700007CB5032421000025BC
:100520002A0001A8461C3000F2F7A8FD01A801210D
:100530000170457001A8FEF7F1F8684600F0C4F8B4
:10054000012804D168460470684600F0CCF873BDF9
:10055000F8B5534C2078401E2070524D0C20EFF718
:1005600083FF28702878012811D14F4DFEF71DFF19
:1005700028804E4EFEF725FF3080328829880120E2
:10058000F3F7B2F8012802D10720EFF76DFF2078CA
:10059000002862D1444FFEF708FF3880434EFEF733
:1005A00010FF3080424D31883888F3F7EFF828701B
:1005B000F3F70FF980B2F0F70FF9F2F713FD002807
:1005C00014D1F3F706F9602804DA3A480178491C97
:1005D000017002E0002037490870364E3078142848
:1005E00004D10120F2F7FBFC0020307028780228AB
:1005F00002D0287803282AD12878022809D101209E
:10060000F2F704FD40210143C9B20120F2F7F8FCE2
:100610000BE02878032808D10120F2F7F7FC20210D
:100620000143C9B20120F2F7EBFC234D28780028E2
:1006300010D1684600F048F801280BD10220694625
:100640000870684600F04FF80120287002E0002092
:1006500019490870F420207011E020783221F3F756
:1006600016F900290BD1104CFEF79FFE20800F4D8C
:10067000FEF7A7FE288029882088F3F787F8F1BDC8
:1006800010B503210022054C2000F2F7F7FC0B48BF
:10069000F3F76BF801200A49087010BDAC3B000865
:1006A000A62B0008863C0008363C0008383C0008B1
:1006B000873C0008893C0008883C000819050210A6
:1006C000853C00087047000038B50400002528006C
:1006D000002C05D001252A0052492000F2F7C4FD64
:1006E0002800C0B232BD38B5010000242000002926
:1006F00005D0012422004B4D2800F2F7B5FD200063
:10070000C0B232BD10B5FCF77EFFFCF7E8FF464CE7
:1007100007202070EFF716FF444908702078EFF7A4
:10072000A3FE01204249087010BDF8B58CB06846A0
:1007300040493022F2F77EFD3B4C0C20EFF794FE4F
:1007400020703A4FEFF7FEFE38706846FCF7E8F984
:10075000082568460078284215D0324E02203070B5
:10076000227839783078FDF779F920703570207863
:10077000EFF77AFE68460078F7210140684601707D
:100780006846FCF7DBF968460078C00624D51420DB
:10079000F4F722FE234E002030702278397830782A
:1007A000FDF75CF9207035702078EFF75DFE0720CB
:1007B0003070227839783078FDF750F92070357034
:1007C0002078EFF751FE68460078EF210140684637
:1007D00001706846FCF7B2F9124E3078082809D04B
:1007E000227839783078FDF739F920703570207823
:1007F000EFF73AFE0DB0F0BD10B5FFF796FF0E4CC7
:100800002078401E20702078002809D1FDF75AF981
:1008100005490870EFF796FE04490870F42020702F
:1008200010BD0000AA2B0008973C0008A92B000867
:10083000963C00088C130210AB2B00087047000098
:1008400000B5010009B2002905D40121C006C00E7F
:1008500081404A48016000BD00B5FEE780B54848C8
:10086000006848480068C10F002905D04649800546
:10087000800D8000085880470020FFF7E1FF01BD90
:1008800080B54248006842480068C10F002905D081
:100890003D498005800D8000085880470120FFF702
:1008A000CFFF01BD80B53B4800683B480068C10FE1
:1008B000002905D034498005800D80000858804704
:1008C0000220FFF7BDFF01BD80B534480068344801
:1008D0000068C10F002905D02B498005800D8000DC
:1008E000085880470320FFF7ABFF01BD80B52D48B6
:1008F00000682D480068C10F002905D022498005F5
:10090000800D8000085880470420FFF799FF01BD43
:1009100080B52648006826480068C10F002905D028
:1009200019498005800D8000085880470520FFF791
:1009300087FF01BD80B51F4800681F480068C10FD0
:10094000002905D010498005800D80000858804797
:100950000620FFF775FF01BD80B5184800681848EC
:100960000068C10F002905D007498005800D80006F
:10097000085880470720FFF763FF01BD80E200E0D1
:1009800054160210001120402815000858160210B5
:10099000041120405C16021008112040601602105D
:1009A0000C1120406416021010112040681602102D
:1009B000141120406C1602101811204070160210FD
:1009C0001C11204010B5574C21000020F4F75DF8B1
:1009D00021000120F4F759F821001820F4F755F808
:1009E00021002820F4F751F821002A20F4F74DF8CF
:1009F00021003C20F4F749F821003D20F4F745F8A8
:100A000021004120F4F741F821006220F4F73DF87D
:100A100021006C20F4F739F821006F20F4F735F845
:100A200021007120F4F731F821007320F4F72DF83C
:100A300021008A20F4F729F821009320F4F725F803
:100A400021009920F4F721F82100AD20F4F71DF8DA
:100A50002100B020F4F719F82100B120F4F715F8BF
:100A600031490220F4F711F8304C21001920F4F735
:100A70000CF821002920F4F708F821003020F4F7C1
:100A800004F821003520F4F700F821003B20F3F7AB
:100A9000FCFF21004020F3F7F8FF21004220F3F78C
:100AA000F4FF23495920F3F7F0FF21006320F3F707
:100AB000ECFF21005A20F3F7E8FF21006420F3F750
:100AC000E4FF21006820F3F7E0FF1A496B20F3F7F9
:100AD000DCFF21006E20F3F7D8FF21007020F3F730
:100AE000D4FF21007220F3F7D0FF21009020F3F70C
:100AF000CCFF21009820F3F7C8FF21008820F3F7EE
:100B0000C4FF21002B20F3F7C0FF21009A20F3F748
:100B1000BCFF21009B20F3F7B8FF2100A820F3F7CA
:100B2000B4FF10BD40230008102300082023000854
:100B3000182300082823000800B5010009B2002985
:100B400005D40121C006C00E81404048016000BDAF
:100B5000F0B5020012B2002A18D418223C4B04004F
:100B600024B2A408A4001C59FF250600F600164074
:100B7000B540AC438901C9B20500ED002A4091405F
:100B8000214300B28008800019501CE00F22314C34
:100B9000182503001BB21340083B9B089B0006006E
:100BA00036B23240083A92089200A258FF26070057
:100BB000FF002F40BE40B2438901C9B2C0000540CA
:100BC000A9401143E150F0BD80B500F003F800F0FA
:100BD0001AF801BD30B5204880082049204A00237A
:100BE00008E01C00E4B2A40014591D00EDB2AD00F1
:100BF0004C515B1C1C000500E4B2EDB2AC42F0D3DA
:100C00001848016030BD10B510231121134800228F
:100C10001C00E4B2A4001459DBB29B00C4500B00CA
:100C2000DBB29B00D258C9B289004250012100209A
:100C3000FFF78EFF00210120FFF78AFF0020FFF75A
:100C40007BFF0120FFF778FF10BD000000E100E00E
:100C500000E400E01CED00E080000000003D000822
:100C60000000011008ED00E000070E091C1B121522
:100C7000383F363124232A2D70777E796C6B62657C
:100C8000484F464154535A5DE0E7EEE9FCFBF2F56C
:100C9000D8DFD6D1C4C3CACD90979E998C8B82855C
:100CA000A8AFA6A1B4B3BABDC7C0C9CEDBDCD5D24C
:100CB000FFF8F1F6E3E4EDEAB7B0B9BEABACA5A23C
:100CC0008F88818693949D9A2720292E3B3C35322C
:100CD0001F18111603040D0A5750595E4B4C45421C
:100CE0006F68616673747D7A898E878095929B9C0C
:100CF000B1B6BFB8ADAAA3A4F9FEF7F0E5E2EBECFC
:100D0000C1C6CFC8DDDAD3D4696E676075727B7CEB
:100D100051565F584D4A4344191E171005020B0CDB
:100D200021262F283D3A33344E49404752555C5BCB
:100D30007671787F6A6D64633E39303722252C2BBB
:100D40000601080F1A1D1413AEA9A0A7B2B5BCBBAB
:100D50009691989F8A8D8483DED9D0D7C2C5CCCB9B
:100D6000E6E1E8EFFAFDF4F380B562B600F05AF878
:100D7000F2F714FF00F05EF8FFF724FE00F08AF8A7
:100D8000FEF76AFBF2F7DEF9FBF7ADFEF2F7ECFDDA
:100D90000020F4F7BFFC012828D11648164909782D
:100DA00089004058804715481549097889004058FE
:100DB00080471448144909788900405880471348EF
:100DC0001349097889004058804712481249097828
:100DD00089004058804711481149097889004058D6
:100DE0008047F2F779FE0020F4F785FCFBF794FECC
:100DF000CEE700BF68150210963C000844150210AB
:100E00008A3C000874150210983C00085015021026
:100E10008E3C000838150210853C00085C15021055
:100E20008F3C000880B50248FFF724F901BD00BFE0
:100E3000EC22000880B5134911200870102048707A
:100E40000720F2F7E9FA01280AD018220E490F48C4
:100E5000F5F71CF915200E4908600020F4F7D8FAC0
:100E600001210720F2F7F1FA01280AD018220649D9
:100E70000648F5F70BF91620054908600020F4F73D
:100E8000C7FA01BD98230008FC110210243B00089A
:100E9000C43B000880B50C490020F4F784FB0B49E3
:100EA0000C20F4F780FB01210020F4F7FCFB01216A
:100EB0000C20F4F7F8FB01210020F4F7D5FB012109
:100EC0000C20F4F7D1FB01BD68230008742300084F
:100ED000F1B401684118436858080A1800988068FE
:100EE000DB0701D54B46C01891422DD00D78491C27
:100EF000032403262E4002D10E78F61C491C2B0930
:100F00000F2B07D10B780F33491C03E00F78491CD6
:100F10000770401C761EF9D1002BE5D00E78491CD5
:100F2000AD082C40032C01D10C78491C2402341943
:100F3000654244190025AE1E9E42D5D02678641C19
:100F40000670401C6D1CF6E700980C30F2BC704730
:100F500072B6104810490860BFF34F8F0120C004DB
:100F60000E490A6802430A600D490A6802430A6092
:100F70000C490A6802430A60002000210D4A03C29E
:100F80006A45FCD1084FB847084FB847084FB847E3
:100F9000FEE700000000011008ED00E00013204013
:100FA00080132040A0132040C90B0210BD13021073
:100FB0009514021000FF0008FFFF0008686A6C74B7
:100FC0007A4C00007072696E74665F733A20256E09
:100FD00020646973616C6C6F776564007072696E10
:100FE00074663A2062616420256E20617267756DB7
:100FF000656E74007072696E74665F733A20626128
:101000006420257320617267756D656E7400000041
:10101000000000006E616E004E414E00696E660079
:10102000494E460030000000E703000000000000C9
:1010300000000000000000000000000000000000B0
:10104000000000000000000000000000030000009D
:101050000000000000000000000000000000000090
:10106000030000000000000003000000000000007A
:10107000030000000000000003000000000000006A
:10108000030000000100000000000000000000005C
:10109000433A5C545649495F53616D706C655F44D7
:1010A00072697665725F4C6962726172795F372E20
:1010B000312E305C747669696265316D5F37303727
:1010C0006170705F56303231315C7372635C73797A
:1010D0007374656D5C7265765F645C737973746557
:1010E0006D5F747669696265316D5F636D30706CD8
:1010F00075732E6300000000433A5C545649495F03
:1011000053616D706C655F4472697665725F4C699E
:1011100062726172795F372E312E305C7476696944
:101120006265316D5F3730376170705F56303231D4
:10113000315C7372635C647269766572735C737937
:1011400073636C6B5C63795F737973636C6B2E682C
:1011500000000000433A5C545649495F53616D708A
:101160006C655F4472697665725F4C696272617228
:10117000795F372E312E305C747669696265316D26
:101180005F3730376170705F56303231315C737267
:10119000635C647269766572735C737973636C6B9C
:1011A0005C63795F737973636C6B2E63000000007E
:1011B000000000000800000008000000000000001F
:1011C000020000000000000000000000000000001D
:1011D000000000000000000000000000000000000F
:1011E00000000000000000000000000000000000FF
:1011F000000000000000000000000000433A5C54C2
:101200005649495F53616D706C655F4472697665DC
:10121000725F4C6962726172795F372E312E305C79
:10122000747669696265316D5F3730376170705F00
:1012300056303231315C7372635C4150505C5561A1
:1012400072744170702E6300433A5C545649495F92
:1012500053616D706C655F4472697665725F4C694D
:1012600062726172795F372E312E305C636F6D6D03
:101270006F6E5C7372635C6D775C666C6173685CE7
:1012800063795F6D775F666C6173682E6300000041
:10129000433A5C545649495F53616D706C655F44D5
:1012A00072697665725F4C6962726172795F372E1E
:1012B000312E305C636F6D6D6F6E5C7372635C6456
:1012C0007269766572735C7363625C63795F736382
:1012D000625F6932632E6300433A5C545649495F4A
:1012E00053616D706C655F4472697665725F4C69BD
:1012F00062726172795F372E312E305C636F6D6D73
:101300006F6E5C7372635C647269766572735C693C
:1013100070635C63795F6970635F6472762E6800E6
:1013200070B40123002413E00168001D194202D0AB
:101330004D466918491E0C60091D121F042AFAD275
:101340000D00960701D50C80AD1C1A4000D02C7002
:101350000268001D002AE7D170BC70470100000040
:10136000000000000000000000000000000000007D
:10137000000000000000000000000000000000006D
:10138000000000000000000000000000010000005C
:10139000000000000000000000000000000000004D
:1013A000000000000000000000000000000000003D
:1013B00000000000000000000000000010B5074918
:1013C00079441831064C7C44163404E0081D0A6840
:1013D000891888470100A142F8D110BD080000001B
:1013E000240000003DFFFFFF40110000BC2B00085F
:1013F00000000000DDFAFFFF22030000D41000000F
:1014000004150008000003000000000001000000B7
:10141000000000000000000001000000FF0F0000BD
:101420000000000000F00EF8002801D0FFF7C6FF12
:1014300000BF00BF002000BF00BFFFF795FC00F019
:1014400003F800000020704780B500F001F801BDEE
:1014500007463846F9F7F2FAFBE700000420714628
:10146000084202D0EFF3098001E0EFF3088000B5F5
:10147000004988471754011004207146084201D0E2
:10148000EFF30980EFF3088000B50149884700BDFC
:10149000D51502100548014603B4684680F3098853
:1014A00000BF00BF00BF00BFFFF7BCFFA5EDF5FE0A
:1014B0008268521C82604268002A06D00268531C6F
:1014C000036011704168491E4160704700127A0044
:1014D000000000000024F4000080000000800000F4
:1014E000008000004A756D7020426F6F746C6F61F0
:1014F0006465720D0A0000002E6DAAE7000000006E
:10150000000000000000F670525535542D3134466D
:101510003138302D53410000525535542D3134446B
:101520003335382D53410000523254542D31303868
:1015300034392D414100000081060210510502108E
:10154000C506021059CB011075CB011071CD0110E9
:101550004FC201108DC201107DC8011021ED011094
:1015600059ED0110A9ED011005070210F90702104D
:101570003D080210350202104B020210F504021061
:101580000000904000109040002090400024F400A3
:10159000006889090000000000127A0000688909CB
:1015A0000000000000000000010100000000000039
:1015B00080000000000000000400000000000000A7
:1015C00000000000840000003170305F315F303374
:1015D0005F3030008169891E0978C9B201607047A7
:1015E00041554F466FDAF400000000000000000093
:1015F00000000000000000000200000001000000E8
:1016000012010600010000001100050001000000A9
:101610000000000000010101000C120000000000A9
:101620000106080000000000000811000000000092
:101630000001020305060700000000000000000092
:10164000000000000000000000000000000000009A
:10165000000000000000000000000000000000008A
:10166000000000000000000000000000000000007A
:10167000000000000000000000000000000000006A
:10168000000000000000000000000000000000005A
:10169000000000000000000000000000000000004A
:1016A000000000000000000000000000000000003A
:1016B000000000000000000000000000000000002A
:1016C000000000000000000000000000000000001A
:1016D000000000000000000000000000000000000A
:1016E00000000000000000000000000003040507E7
:1016F000FEE70000FEE70000FEE70000FEE7000056
:10170000FEE70000FEE70000FEE70000FEE7000045
:10171000FEE70000FEE70000FEE7F311010001F024
:1017200002FF5908021004F1FF04F1FF04F1FF0465
:10173000F1FF04F11F04FC090228150008000060F5
:1017400040140011B205F00302614015004D18F07D
:101750000302624016004E18F00302634017004F68
:1017600018F00302644018005018F0030265401995
:10177000005118F0030266401A005218F003026785
:10178000401B005318BC0338401F00127306128020
:1017900014CC012000138706FC040201384021000C
:1017A000149B06B3FF0314C00402384023001650F4
:1017B0001114C0012400173CC00403384025001850
:1017C000281114F0011026001964C0058004384067
:1017D00028001B28C00405384029001C501114C0E3
:1017E000012A001D28C0040638402B001E281114B1
:1017F000C0012C001F28C0040738402D00202811EC
:1018000014C0012E002128C0040838402F002228CF
:101810001114C00130002328C004093840310024CD
:10182000281114C00132002528C0040A38403300B2
:1018300026281114C00134002728C0040B38403575
:101840000028281114C00136002928C0040C384093
:1018500037002A281114C00138002B28F006000D8B
:10186000384039002C010001F35FFF0314C00580EC
:101870001038404000338CF00411113840410034DE
:10188000A0C004123840430036F01114C0014400D7
:10189000373CC004133840450038281114C00146B5
:1018A000003928C00414384047003A281114C001F8
:1018B00048003B28F0041115384049003CA0C00402
:1018C0001638404B003E501114C0014C003F3CC044
:1018D000041738404D0040281114C0014E00412823
:1018E000C0041838404F0042281114C00150004372
:1018F00028C004193840510044281114C001520076
:101900004528C0041A3840530046281114C0015419
:10191000004728C0041B3840550048281114D40142
:1019200056004904100B01000200030004000500EA
:101930000600071C12904C6101129044612F129016
:101940003C72020C67570037700390405800040C3B
:101950001259484101700390405A00060C70015B17
:1019600000070C70015C00080C70015D00090C7030
:10197000015E000A0C70015F000B0C700160000C2E
:101980000C700161000D0C700162000E0C7001639F
:10199000000F0C70016400100C7E65FC0570039054
:1019A000406600120C70016700130C70016800148F
:1019B0000C70016900150C70016A00160C40016B77
:1019C00000170C50031090406C0001110C666D2044
:1019D000110C666E20110C666F20110C66702011C0
:1019E0000C667120110C667220110C667320110CAC
:1019F000667420110C667520110C667620110C6639
:101A00007720110C667820110C667920110C667A0B
:101A100020110C667B20110C667C20110C667D2049
:101A2000110C667E20110C667F20110C668020113F
:101A30000C668120110C668220110C9683207001A7
:101A40008400180C70018500190C700186001A0CB6
:101A5000700187001B0C700188001C0C700189004C
:101A60001D0C70018A001E0C40018B001F0C5003DE
:101A70002090408C0001110C668D80110C668E80C8
:101A8000110C668F80110C669080110C669180118C
:101A90000C669280110C669380320103F0021000F4
:101AA000FF0F00011310272C51436A01BB61105135
:101AB0007371205606D451071003FFFF0200280B54
:101AC00040018096987073FF0110210122E8BF4207
:101AD00001C4216861E783D0070C83A8610C12FF61
:101AE000011300C20D500F08020041505000462D56
:101AF00030352E30322E31318052000152040151E6
:101B000010F206FD18F206E018F206BC18F2060202
:101B100018F1FF78F1FF78F12778F21E22906274B5
:101B200018521E01F13A181003B4230008CC041215
:101B3000E40412FC041003142400082C04124404CE
:101B4000125C04127404128C0412A40412BC041259
:101B5000D40412EC041003042500081C04123404FD
:101B6000124C04126404127C0412940412AC041289
:101B7000C40412DC0412F40410030C26000824042C
:101B8000123C04125404126C04128404129C0412B9
:101B9000B40412CC0412E40412FC0400FEF205F8B2
:101BA00005FE0504060B06110617061D0623062A68
:101BB00006300636063C06430649064F0656065CC6
:101BC00006630669066F0676067D0683068906901B
:101BD0000696069D06A306AA06B006B706BE06C46C
:101BE00006CB06D106D806DE06E506EC06F206F9B7
:101BF00006FF0606070C0713071A07200727072DFD
:101C00000734073A07410748074E0755075B076245
:101C10000768076F0775077C07820789078F079595
:101C2000079C07A207A907AF07B607BC07C207C9E9
:101C300007CF07D507DC07E207E807EF07F507FB43
:101C400007020808080E0814081B08210827082D99
:101C50000833083A08400846084C08520858085EFD
:101C60000864086A08700876087C08830888088E6B
:101C70000894089A08A008A608AC08B208B808BEDC
:101C800008C408CA08CF08D508DB08E108E708ED52
:101C900008F208F808FE08040909090F09D4AD156F
:101CA000091A09200926092B09310937093C09427B
:101CB0000948094D09530958095E09630969096E04
:101CC00009740979097F0984098A098F0995099A94
:101CD00009A009A509AA09B009B509BB09C009C528
:101CE00009CB09D009D509DB09E0094E0655065B89
:101CF00006610667066D0674067A06810687068DFC
:101D00000694069A06A106A706AD06B406BB06C150
:101D100006C806CE06D506DB06E206E906EF06F69D
:101D200006FC0603070A07100717071D0724072BE1
:101D300007310738073F0745074C07530759076026
:101D40000767076D0774077A07810788078E2E5487
:101D500033C307CA07D007D607DD07E407EA07F051
:101D600007F707FD0704080A08110817081E0824CA
:101D7000082A08310837083D0844084A085008571F
:101D8000085D086308692C16822C14418F08950899
:101D90009B08A108A708AD08B308B908BF08C50883
:101DA000CB08D108D708DD08E308E908EF08F508F3
:101DB000FB08010907090D09120918091E09240960
:101DC0002A092F0935093B09410946094C09522ABC
:101DD000B65D2A16852A16902A169B2A1C85A60906
:101DE000AB09B109B609BC09C109C709CC09D109B8
:101DF000D709DC09E209E709EC09F209F709FC094E
:101E0000020A070A0C0A110A170A1C0A210A260AE2
:101E10002C0A310A360A3B0AD8FFD9FFDAFFDBFF6A
:101E2000DCFFDDFFDEFFDFFFE0FFE1FFE2FFE3FFBE
:101E3000E4FFE5FFE6FFE7FFE8FFE9FFEAFFEBFF6E
:101E4000ECFFEDFFEEFFEFFFF0FFF1FFF2FFF3FF1E
:101E5000F4FFF5FFF6FFF7FFF8FFF9FFFAFFFBFFCE
:101E6000FCFFFDFFFEF106BF0000BC0A1D5B071E64
:101E70000922091E0B0E091E0DFA081E0FE6081E88
:101E800011D2081E13BE081E15AA081E1796081E9A
:101E90001982081E1B6E081E1D5A081C031F0020F5
:101EA000002148041C072300240025002600278069
:101EB000071C4529002A002B002C002D002E002F86
:101EC0000030003100320033003400350036003776
:101ED00000380039003A003B003C003D003E003F26
:101EE00000400041004200430044004500460047D6
:101EF00000480049004A004B004C58101E4E2C1060
:101F00001E5000101E52D40F1C3D540055005600A8
:101F10005700580059005A005B005C005D005E00ED
:101F20005F0060006100620063006400650066009D
:101F30006700680069006A006B006C006D006E004D
:101F40006F007000710072007374045C1575007688
:101F5000007700780079007A007B007C007D000229
:101F600003FF00E7E3086DF4041003FFFF3700B937
:101F70009E300BB400F4F4010108F4140102FF01D7
:101F80000132040700000000000000000000000013
:101F90000000000000000000000000000000000041
:101FA0000000000000000000000000000000000031
:031FB0000000002E
:04000005100214953C
:00000001FF
